INFO: kbplacer_plugin_action.py:73: Plugin version: 0.16
INFO: kbplacer_plugin_action.py:74: Python version: '3.11.5 (main, Jan 23 2026, 07:39:48) [MSC v.1944 64 bit (AMD64)]'
INFO: kbplacer_plugin_action.py:75: KiCad version: 10.0.3 with 4.2.2 msw (phoenix) wxWidgets 3.3.2
INFO: kbplacer_dialog.py:695: Language: en
INFO: kbplacer_plugin_action.py:83: GUI state: {"layout_path": "C:\\Users\\Gauta\\Downloads\\keyboard-layout(3).json", "key_distance": [19.05, 19.05], "key_info": {"annotation_format": "MX{}", "position_option": "Default", "position": {"x": 0.0, "y": 0.0, "orientation": 0.0, "side": "Front"}, "template_path": "", "start_index": 1}, "enable_diode_placement": true, "route_switches_with_diodes": true, "optimize_diodes_orientation": true, "diode_info": {"annotation_format": "D{}", "position_option": "Default", "position": {"x": 5.08, "y": 4.0, "orientation": 90.0, "side": "Back"}, "template_path": "", "start_index": -1}, "additional_elements": [{"annotation_format": "ST{}", "position_option": "Custom", "position": {"x": 0.0, "y": 0.0, "orientation": 0.0, "side": "Front"}, "template_path": "", "start_index": -1}], "route_rows_and_columns": true, "template_path": "", "generate_outline": false, "outline_delta": 0.0, "layout_offset": null}
DEBUG: key_placer.py:143: Switches by nets: defaultdict(<class 'list'>, {frozenset({'Row 1', 'Col 3'}): ['MX22', 'MX23'], frozenset({'Row 3', 'Col 1'}): ['MX48', 'MX49'], frozenset({'Row 4', 'Col 3'}): ['MX67', 'MX66'], frozenset({'Col 2', 'Row 2'}): ['MX36', 'MX35'], frozenset({'Col 3', 'Row 0'}): ['MX7', 'MX8'], frozenset({'Row 5', 'Col 5'}): ['MX81', 'MX80'], frozenset({'Col 4', 'Row 5'}): ['MX79', 'MX78'], frozenset({'Row 2', 'Col 3'}): ['MX37', 'MX38'], frozenset({'Col 2', 'Row 1'}): ['MX20', 'MX21'], frozenset({'Row 2', 'Col 5'}): ['MX42', 'MX41'], frozenset({'Col 2', 'Row 0'}): ['MX5', 'MX6'], frozenset({'Row 1', 'Col 5'}): ['MX27', 'MX26'], frozenset({'Col 0', 'Row 3'}): ['MX46', 'MX47'], frozenset({'Col 6', 'Row 0'}): ['MX14', 'MX13'], frozenset({'Row 1', 'Col 0'}): ['MX16', 'MX17'], frozenset({'Row 3', 'Col 3'}): ['MX53', 'MX52'], frozenset({'Row 4', 'Col 1'}): ['MX62', 'MX63'], frozenset({'Col 6', 'Row 5'}): ['MX82'], frozenset({'Col 4', 'Row 3'}): ['MX54', 'MX55'], frozenset({'Col 6', 'Row 1'}): ['MX28', 'MX29'], frozenset({'Col 7', 'Row 0'}): ['MX15'], frozenset({'Col 0', 'Row 2'}): ['MX31', 'MX32'], frozenset({'Col 0', 'Row 0'}): ['MX2', 'MX1'], frozenset({'Row 4', 'Col 5'}): ['MX70', 'MX71'], frozenset({'Col 7', 'Row 1'}): ['MX30'], frozenset({'Col 4', 'Row 2'}): ['MX39', 'MX40'], frozenset({'Col 1', 'Row 0'}): ['MX4', 'MX3'], frozenset({'Col 4', 'Row 0'}): ['MX9', 'MX10'], frozenset({'Col 6', 'Row 2'}): ['MX44', 'MX43'], frozenset({'Row 1', 'Col 1'}): ['MX19', 'MX18'], frozenset({'Row 1', 'Col 4'}): ['MX25', 'MX24'], frozenset({'Row 4', 'Col 4'}): ['MX69', 'MX68'], frozenset({'Col 2', 'Row 3'}): ['MX51', 'MX50'], frozenset({'Row 2', 'Col 1'}): ['MX33', 'MX34'], frozenset({'Row 3', 'Col 5'}): ['MX57', 'MX56'], frozenset({'Col 2', 'Row 4'}): ['MX65', 'MX64'], frozenset({'Col 7', 'Row 4'}): ['MX73'], frozenset({'Col 5', 'Row 0'}): ['MX11', 'MX12'], frozenset({'Row 5', 'Col 1'}): ['MX76'], frozenset({'Col 7', 'Row 5'}): ['MX83'], frozenset({'Row 4', 'Col 0'}): ['MX60', 'MX61'], frozenset({'Col 6', 'Row 3'}): ['MX58'], frozenset({'Col 7', 'Row 2'}): ['MX45'], frozenset({'Col 6', 'Row 4'}): ['MX72'], frozenset({'Col 7', 'Row 3'}): ['MX59'], frozenset({'Row 5', 'Col 3'}): ['MX77'], frozenset({'Col 0', 'Row 5'}): ['MX75', 'MX74']})
DEBUG: key_placer.py:147: Diodes by switch: {'MX45': ['D45'], 'MX15': ['D15'], 'MX30': ['D30'], 'MX69': ['D69'], 'MX38': ['D38'], 'MX6': ['D6'], 'MX8': ['D8'], 'MX48': ['D48'], 'MX22': ['D22'], 'MX59': ['D59'], 'MX9': ['D9'], 'MX56': ['D56'], 'MX18': ['D18'], 'MX47': ['D47'], 'MX3': ['D3'], 'MX21': ['D21'], 'MX49': ['D49'], 'MX46': ['D46'], 'MX73': ['D73'], 'MX55': ['D55'], 'MX39': ['D39'], 'MX52': ['D52'], 'MX5': ['D5'], 'MX62': ['D62'], 'MX65': ['D65'], 'MX14': ['D14'], 'MX7': ['D7'], 'MX16': ['D16'], 'MX76': ['D76'], 'MX19': ['D19'], 'MX32': ['D32'], 'MX23': ['D23'], 'MX43': ['D43'], 'MX36': ['D36'], 'MX66': ['D66'], 'MX25': ['D25'], 'MX61': ['D61'], 'MX60': ['D60'], 'MX77': ['D77'], 'MX17': ['D17'], 'MX68': ['D68'], 'MX1': ['D1'], 'MX35': ['D35'], 'MX37': ['D37'], 'MX28': ['D28'], 'MX31': ['D31'], 'MX44': ['D44'], 'MX2': ['D2'], 'MX24': ['D24'], 'MX4': ['D4'], 'MX27': ['D27'], 'MX63': ['D63'], 'MX71': ['D71'], 'MX11': ['D11'], 'MX34': ['D34'], 'MX74': ['D74'], 'MX70': ['D70'], 'MX33': ['D33'], 'MX53': ['D53'], 'MX72': ['D72'], 'MX26': ['D26'], 'MX50': ['D50'], 'MX57': ['D57'], 'MX81': ['D81'], 'MX12': ['D12'], 'MX41': ['D41'], 'MX20': ['D20'], 'MX54': ['D54'], 'MX42': ['D42'], 'MX29': ['D29'], 'MX75': ['D75'], 'MX40': ['D40'], 'MX13': ['D13'], 'MX10': ['D10'], 'MX51': ['D51'], 'MX79': ['D79'], 'MX83': ['D83'], 'MX82': ['D82'], 'MX78': ['D78'], 'MX80': ['D80'], 'MX58': ['D58'], 'MX67': ['D67'], 'MX64': ['D64']}
INFO: kle_serial.py:1031: User layout: [[{'y': 0.5, 'x': 4.25, 'a': 7}, 'esc', {'x': 0.25}, 'f1', '', '', '', 'f5', '', {'x': 0.25}, '', '', '', 'f10', '', '', '', {'x': 1.25}, ''], [{'y': 0.25, 'x': 4.25}, '', {'a': 4}, '!\n\n\n\n\n\n\n\n\n1', '@\n\n\n\n\n\n\n\n\n2', {'a': 7}, '3', '4', '5', '6', '7', '8', '9', '0', '-', '=', {'w': 2}, 'Backspace', {'x': 0.75}, ''], [{'x': 4.25, 'w': 1.5}, '', '', '', '', '', '', '', '', '', '', '', '', '', {'w': 1.5}, '', {'x': 0.75}, ''], [{'x': 4.25, 'w': 1.75}, '', '', '', '', '', '', '', '', '', '', '', '', {'w': 2.25}, '', {'x': 0.75}, ''], [{'x': 4.25, 'w': 2.25}, '', 'z', 'x', 'c', 'v', 'b', 'n', 'm', ',', '.', '/', {'w': 1.75}, '', {'x': 1.75}, ''], [{'y': -0.75, 'x': 18.625}, ''], [{'y': -0.25, 'x': 4.25, 'w': 1.25}, '', {'w': 1.25}, '', {'w': 1.25}, '', {'w': 6.25}, '', '', '', ''], [{'y': -0.75, 'x': 17.625}, '', '', '']]
DEBUG: key_placer.py:755: Using key 1U distance: (19.05, 19.05) mm
DEBUG: key_placer.py:773: Layout offset: (23812500, 38100000)
DEBUG: kle_serial.py:1125: Layout with: x_ortholinear_keys=22, y_ortholinear_keys=15, rotated_keys=0, encoders=0, iso_enters=0 and unrecognized_shape_keys=0
DEBUG: kle_serial.py:1150: Layout tagged: [<KeyboardTag.ROW_STAGGERED: 2>]
DEBUG: board_modifier.py:119: Setting MX1 footprint position: (114300000, 57150000)
DEBUG: board_modifier.py:119: Setting MX2 footprint position: (138112500, 57150000)
DEBUG: board_modifier.py:119: Setting MX3 footprint position: (157162500, 57150000)
DEBUG: board_modifier.py:119: Setting MX4 footprint position: (176212500, 57150000)
DEBUG: board_modifier.py:119: Setting MX5 footprint position: (195262500, 57150000)
DEBUG: board_modifier.py:119: Setting MX6 footprint position: (214312500, 57150000)
DEBUG: board_modifier.py:119: Setting MX7 footprint position: (233362500, 57150000)
DEBUG: board_modifier.py:119: Setting MX8 footprint position: (257175000, 57150000)
DEBUG: board_modifier.py:119: Setting MX9 footprint position: (276225000, 57150000)
DEBUG: board_modifier.py:119: Setting MX10 footprint position: (295275000, 57150000)
DEBUG: board_modifier.py:119: Setting MX11 footprint position: (314325000, 57150000)
DEBUG: board_modifier.py:119: Setting MX12 footprint position: (333375000, 57150000)
DEBUG: board_modifier.py:119: Setting MX13 footprint position: (352425000, 57150000)
DEBUG: board_modifier.py:119: Setting MX14 footprint position: (371475000, 57150000)
DEBUG: board_modifier.py:119: Setting MX15 footprint position: (414337500, 57150000)
DEBUG: board_modifier.py:119: Setting MX16 footprint position: (114300000, 80962500)
DEBUG: board_modifier.py:119: Setting MX17 footprint position: (133350000, 80962500)
DEBUG: board_modifier.py:119: Setting MX18 footprint position: (152400000, 80962500)
DEBUG: board_modifier.py:119: Setting MX19 footprint position: (171450000, 80962500)
DEBUG: board_modifier.py:119: Setting MX20 footprint position: (190500000, 80962500)
DEBUG: board_modifier.py:119: Setting MX21 footprint position: (209550000, 80962500)
DEBUG: board_modifier.py:119: Setting MX22 footprint position: (228600000, 80962500)
DEBUG: board_modifier.py:119: Setting MX23 footprint position: (247650000, 80962500)
DEBUG: board_modifier.py:119: Setting MX24 footprint position: (266700000, 80962500)
DEBUG: board_modifier.py:119: Setting MX25 footprint position: (285750000, 80962500)
DEBUG: board_modifier.py:119: Setting MX26 footprint position: (304800000, 80962500)
DEBUG: board_modifier.py:119: Setting MX27 footprint position: (323850000, 80962500)
DEBUG: board_modifier.py:119: Setting MX28 footprint position: (342900000, 80962500)
DEBUG: board_modifier.py:119: Setting MX29 footprint position: (371475000, 80962500)
DEBUG: board_modifier.py:119: Setting MX30 footprint position: (414337500, 80962500)
DEBUG: board_modifier.py:119: Setting MX31 footprint position: (119062500, 100012500)
DEBUG: board_modifier.py:119: Setting MX32 footprint position: (142875000, 100012500)
DEBUG: board_modifier.py:119: Setting MX33 footprint position: (161925000, 100012500)
DEBUG: board_modifier.py:119: Setting MX34 footprint position: (180975000, 100012500)
DEBUG: board_modifier.py:119: Setting MX35 footprint position: (200025000, 100012500)
DEBUG: board_modifier.py:119: Setting MX36 footprint position: (219075000, 100012500)
DEBUG: board_modifier.py:119: Setting MX37 footprint position: (238125000, 100012500)
DEBUG: board_modifier.py:119: Setting MX38 footprint position: (257175000, 100012500)
DEBUG: board_modifier.py:119: Setting MX39 footprint position: (276225000, 100012500)
DEBUG: board_modifier.py:119: Setting MX40 footprint position: (295275000, 100012500)
DEBUG: board_modifier.py:119: Setting MX41 footprint position: (314325000, 100012500)
DEBUG: board_modifier.py:119: Setting MX42 footprint position: (333375000, 100012500)
DEBUG: board_modifier.py:119: Setting MX43 footprint position: (352425000, 100012500)
DEBUG: board_modifier.py:119: Setting MX44 footprint position: (376237500, 100012500)
DEBUG: board_modifier.py:119: Setting MX45 footprint position: (414337500, 100012500)
DEBUG: board_modifier.py:119: Setting MX46 footprint position: (121443750, 119062500)
DEBUG: board_modifier.py:119: Setting MX47 footprint position: (147637500, 119062500)
DEBUG: board_modifier.py:119: Setting MX48 footprint position: (166687500, 119062500)
DEBUG: board_modifier.py:119: Setting MX49 footprint position: (185737500, 119062500)
DEBUG: board_modifier.py:119: Setting MX50 footprint position: (204787500, 119062500)
DEBUG: board_modifier.py:119: Setting MX51 footprint position: (223837500, 119062500)
DEBUG: board_modifier.py:119: Setting MX52 footprint position: (242887500, 119062500)
DEBUG: board_modifier.py:119: Setting MX53 footprint position: (261937500, 119062500)
DEBUG: board_modifier.py:119: Setting MX54 footprint position: (280987500, 119062500)
DEBUG: board_modifier.py:119: Setting MX55 footprint position: (300037500, 119062500)
DEBUG: board_modifier.py:119: Setting MX56 footprint position: (319087500, 119062500)
DEBUG: board_modifier.py:119: Setting MX57 footprint position: (338137500, 119062500)
DEBUG: board_modifier.py:119: Setting MX58 footprint position: (369093750, 119062500)
DEBUG: board_modifier.py:119: Setting MX59 footprint position: (414337500, 119062500)
DEBUG: board_modifier.py:119: Setting MX60 footprint position: (126206250, 138112500)
DEBUG: board_modifier.py:119: Setting MX61 footprint position: (157162500, 138112500)
DEBUG: board_modifier.py:119: Setting MX62 footprint position: (176212500, 138112500)
DEBUG: board_modifier.py:119: Setting MX63 footprint position: (195262500, 138112500)
DEBUG: board_modifier.py:119: Setting MX64 footprint position: (214312500, 138112500)
DEBUG: board_modifier.py:119: Setting MX65 footprint position: (233362500, 138112500)
DEBUG: board_modifier.py:119: Setting MX66 footprint position: (252412500, 138112500)
DEBUG: board_modifier.py:119: Setting MX67 footprint position: (271462500, 138112500)
DEBUG: board_modifier.py:119: Setting MX68 footprint position: (290512500, 138112500)
DEBUG: board_modifier.py:119: Setting MX69 footprint position: (309562500, 138112500)
DEBUG: board_modifier.py:119: Setting MX70 footprint position: (328612500, 138112500)
DEBUG: board_modifier.py:119: Setting MX71 footprint position: (354806250, 138112500)
DEBUG: board_modifier.py:119: Setting MX72 footprint position: (414337500, 138112500)
DEBUG: board_modifier.py:119: Setting MX73 footprint position: (388143750, 142875000)
DEBUG: board_modifier.py:119: Setting MX74 footprint position: (116681250, 157162500)
DEBUG: board_modifier.py:119: Setting MX75 footprint position: (140493750, 157162500)
DEBUG: board_modifier.py:119: Setting MX76 footprint position: (164306250, 157162500)
DEBUG: board_modifier.py:119: Setting MX77 footprint position: (235743750, 157162500)
DEBUG: board_modifier.py:119: Setting MX78 footprint position: (304800000, 157162500)
DEBUG: board_modifier.py:119: Setting MX79 footprint position: (323850000, 157162500)
DEBUG: board_modifier.py:119: Setting MX80 footprint position: (342900000, 157162500)
DEBUG: board_modifier.py:119: Setting MX81 footprint position: (369093750, 161925000)
DEBUG: board_modifier.py:119: Setting MX82 footprint position: (388143750, 161925000)
DEBUG: board_modifier.py:119: Setting MX83 footprint position: (407193750, 161925000)
INFO: key_placer.py:1173: Diode info: [ElementInfo(annotation_format='D{}', position_option=<PositionOption.DEFAULT: 'Default'>, position=ElementPosition(x=5.08, y=4.0, orientation=90.0, side=<Side.BACK: 'Back'>), template_path='', start_index=-1)]
DEBUG: board_modifier.py:132: Getting MX1 footprint position: (114300000, 57150000)
DEBUG: board_modifier.py:119: Setting D1 footprint position: (119380000, 61150000)
DEBUG: board_modifier.py:132: Getting MX2 footprint position: (138112500, 57150000)
DEBUG: board_modifier.py:119: Setting D2 footprint position: (143192500, 61150000)
DEBUG: board_modifier.py:132: Getting MX3 footprint position: (157162500, 57150000)
DEBUG: board_modifier.py:119: Setting D3 footprint position: (162242500, 61150000)
DEBUG: board_modifier.py:132: Getting MX4 footprint position: (176212500, 57150000)
DEBUG: board_modifier.py:119: Setting D4 footprint position: (181292500, 61150000)
DEBUG: board_modifier.py:132: Getting MX5 footprint position: (195262500, 57150000)
DEBUG: board_modifier.py:119: Setting D5 footprint position: (200342500, 61150000)
DEBUG: board_modifier.py:132: Getting MX6 footprint position: (214312500, 57150000)
DEBUG: board_modifier.py:119: Setting D6 footprint position: (219392500, 61150000)
DEBUG: board_modifier.py:132: Getting MX7 footprint position: (233362500, 57150000)
DEBUG: board_modifier.py:119: Setting D7 footprint position: (238442500, 61150000)
DEBUG: board_modifier.py:132: Getting MX8 footprint position: (257175000, 57150000)
DEBUG: board_modifier.py:119: Setting D8 footprint position: (262255000, 61150000)
DEBUG: board_modifier.py:132: Getting MX9 footprint position: (276225000, 57150000)
DEBUG: board_modifier.py:119: Setting D9 footprint position: (281305000, 61150000)
DEBUG: board_modifier.py:132: Getting MX10 footprint position: (295275000, 57150000)
DEBUG: board_modifier.py:119: Setting D10 footprint position: (300355000, 61150000)
DEBUG: board_modifier.py:132: Getting MX11 footprint position: (314325000, 57150000)
DEBUG: board_modifier.py:119: Setting D11 footprint position: (319405000, 61150000)
DEBUG: board_modifier.py:132: Getting MX12 footprint position: (333375000, 57150000)
DEBUG: board_modifier.py:119: Setting D12 footprint position: (338455000, 61150000)
DEBUG: board_modifier.py:132: Getting MX13 footprint position: (352425000, 57150000)
DEBUG: board_modifier.py:119: Setting D13 footprint position: (357505000, 61150000)
DEBUG: board_modifier.py:132: Getting MX14 footprint position: (371475000, 57150000)
DEBUG: board_modifier.py:119: Setting D14 footprint position: (376555000, 61150000)
DEBUG: board_modifier.py:132: Getting MX15 footprint position: (414337500, 57150000)
DEBUG: board_modifier.py:119: Setting D15 footprint position: (419417500, 61150000)
DEBUG: board_modifier.py:132: Getting MX16 footprint position: (114300000, 80962500)
DEBUG: board_modifier.py:119: Setting D16 footprint position: (119380000, 84962500)
DEBUG: board_modifier.py:132: Getting MX17 footprint position: (133350000, 80962500)
DEBUG: board_modifier.py:119: Setting D17 footprint position: (138430000, 84962500)
DEBUG: board_modifier.py:132: Getting MX18 footprint position: (152400000, 80962500)
DEBUG: board_modifier.py:119: Setting D18 footprint position: (157480000, 84962500)
DEBUG: board_modifier.py:132: Getting MX19 footprint position: (171450000, 80962500)
DEBUG: board_modifier.py:119: Setting D19 footprint position: (176530000, 84962500)
DEBUG: board_modifier.py:132: Getting MX20 footprint position: (190500000, 80962500)
DEBUG: board_modifier.py:119: Setting D20 footprint position: (195580000, 84962500)
DEBUG: board_modifier.py:132: Getting MX21 footprint position: (209550000, 80962500)
DEBUG: board_modifier.py:119: Setting D21 footprint position: (214630000, 84962500)
DEBUG: board_modifier.py:132: Getting MX22 footprint position: (228600000, 80962500)
DEBUG: board_modifier.py:119: Setting D22 footprint position: (233680000, 84962500)
DEBUG: board_modifier.py:132: Getting MX23 footprint position: (247650000, 80962500)
DEBUG: board_modifier.py:119: Setting D23 footprint position: (252730000, 84962500)
DEBUG: board_modifier.py:132: Getting MX24 footprint position: (266700000, 80962500)
DEBUG: board_modifier.py:119: Setting D24 footprint position: (271780000, 84962500)
DEBUG: board_modifier.py:132: Getting MX25 footprint position: (285750000, 80962500)
DEBUG: board_modifier.py:119: Setting D25 footprint position: (290830000, 84962500)
DEBUG: board_modifier.py:132: Getting MX26 footprint position: (304800000, 80962500)
DEBUG: board_modifier.py:119: Setting D26 footprint position: (309880000, 84962500)
DEBUG: board_modifier.py:132: Getting MX27 footprint position: (323850000, 80962500)
DEBUG: board_modifier.py:119: Setting D27 footprint position: (328930000, 84962500)
DEBUG: board_modifier.py:132: Getting MX28 footprint position: (342900000, 80962500)
DEBUG: board_modifier.py:119: Setting D28 footprint position: (347980000, 84962500)
DEBUG: board_modifier.py:132: Getting MX29 footprint position: (371475000, 80962500)
DEBUG: board_modifier.py:119: Setting D29 footprint position: (376555000, 84962500)
DEBUG: board_modifier.py:132: Getting MX30 footprint position: (414337500, 80962500)
DEBUG: board_modifier.py:119: Setting D30 footprint position: (419417500, 84962500)
DEBUG: board_modifier.py:132: Getting MX31 footprint position: (119062500, 100012500)
DEBUG: board_modifier.py:119: Setting D31 footprint position: (124142500, 104012500)
DEBUG: board_modifier.py:132: Getting MX32 footprint position: (142875000, 100012500)
DEBUG: board_modifier.py:119: Setting D32 footprint position: (147955000, 104012500)
DEBUG: board_modifier.py:132: Getting MX33 footprint position: (161925000, 100012500)
DEBUG: board_modifier.py:119: Setting D33 footprint position: (167005000, 104012500)
DEBUG: board_modifier.py:132: Getting MX34 footprint position: (180975000, 100012500)
DEBUG: board_modifier.py:119: Setting D34 footprint position: (186055000, 104012500)
DEBUG: board_modifier.py:132: Getting MX35 footprint position: (200025000, 100012500)
DEBUG: board_modifier.py:119: Setting D35 footprint position: (205105000, 104012500)
DEBUG: board_modifier.py:132: Getting MX36 footprint position: (219075000, 100012500)
DEBUG: board_modifier.py:119: Setting D36 footprint position: (224155000, 104012500)
DEBUG: board_modifier.py:132: Getting MX37 footprint position: (238125000, 100012500)
DEBUG: board_modifier.py:119: Setting D37 footprint position: (243205000, 104012500)
DEBUG: board_modifier.py:132: Getting MX38 footprint position: (257175000, 100012500)
DEBUG: board_modifier.py:119: Setting D38 footprint position: (262255000, 104012500)
DEBUG: board_modifier.py:132: Getting MX39 footprint position: (276225000, 100012500)
DEBUG: board_modifier.py:119: Setting D39 footprint position: (281305000, 104012500)
DEBUG: board_modifier.py:132: Getting MX40 footprint position: (295275000, 100012500)
DEBUG: board_modifier.py:119: Setting D40 footprint position: (300355000, 104012500)
DEBUG: board_modifier.py:132: Getting MX41 footprint position: (314325000, 100012500)
DEBUG: board_modifier.py:119: Setting D41 footprint position: (319405000, 104012500)
DEBUG: board_modifier.py:132: Getting MX42 footprint position: (333375000, 100012500)
DEBUG: board_modifier.py:119: Setting D42 footprint position: (338455000, 104012500)
DEBUG: board_modifier.py:132: Getting MX43 footprint position: (352425000, 100012500)
DEBUG: board_modifier.py:119: Setting D43 footprint position: (357505000, 104012500)
DEBUG: board_modifier.py:132: Getting MX44 footprint position: (376237500, 100012500)
DEBUG: board_modifier.py:119: Setting D44 footprint position: (381317500, 104012500)
DEBUG: board_modifier.py:132: Getting MX45 footprint position: (414337500, 100012500)
DEBUG: board_modifier.py:119: Setting D45 footprint position: (419417500, 104012500)
DEBUG: board_modifier.py:132: Getting MX46 footprint position: (121443750, 119062500)
DEBUG: board_modifier.py:119: Setting D46 footprint position: (126523750, 123062500)
DEBUG: board_modifier.py:132: Getting MX47 footprint position: (147637500, 119062500)
DEBUG: board_modifier.py:119: Setting D47 footprint position: (152717500, 123062500)
DEBUG: board_modifier.py:132: Getting MX48 footprint position: (166687500, 119062500)
DEBUG: board_modifier.py:119: Setting D48 footprint position: (171767500, 123062500)
DEBUG: board_modifier.py:132: Getting MX49 footprint position: (185737500, 119062500)
DEBUG: board_modifier.py:119: Setting D49 footprint position: (190817500, 123062500)
DEBUG: board_modifier.py:132: Getting MX50 footprint position: (204787500, 119062500)
DEBUG: board_modifier.py:119: Setting D50 footprint position: (209867500, 123062500)
DEBUG: board_modifier.py:132: Getting MX51 footprint position: (223837500, 119062500)
DEBUG: board_modifier.py:119: Setting D51 footprint position: (228917500, 123062500)
DEBUG: board_modifier.py:132: Getting MX52 footprint position: (242887500, 119062500)
DEBUG: board_modifier.py:119: Setting D52 footprint position: (247967500, 123062500)
DEBUG: board_modifier.py:132: Getting MX53 footprint position: (261937500, 119062500)
DEBUG: board_modifier.py:119: Setting D53 footprint position: (267017500, 123062500)
DEBUG: board_modifier.py:132: Getting MX54 footprint position: (280987500, 119062500)
DEBUG: board_modifier.py:119: Setting D54 footprint position: (286067500, 123062500)
DEBUG: board_modifier.py:132: Getting MX55 footprint position: (300037500, 119062500)
DEBUG: board_modifier.py:119: Setting D55 footprint position: (305117500, 123062500)
DEBUG: board_modifier.py:132: Getting MX56 footprint position: (319087500, 119062500)
DEBUG: board_modifier.py:119: Setting D56 footprint position: (324167500, 123062500)
DEBUG: board_modifier.py:132: Getting MX57 footprint position: (338137500, 119062500)
DEBUG: board_modifier.py:119: Setting D57 footprint position: (343217500, 123062500)
DEBUG: board_modifier.py:132: Getting MX58 footprint position: (369093750, 119062500)
DEBUG: board_modifier.py:119: Setting D58 footprint position: (374173750, 123062500)
DEBUG: board_modifier.py:132: Getting MX59 footprint position: (414337500, 119062500)
DEBUG: board_modifier.py:119: Setting D59 footprint position: (419417500, 123062500)
DEBUG: board_modifier.py:132: Getting MX60 footprint position: (126206250, 138112500)
DEBUG: board_modifier.py:119: Setting D60 footprint position: (131286250, 142112500)
DEBUG: board_modifier.py:132: Getting MX61 footprint position: (157162500, 138112500)
DEBUG: board_modifier.py:119: Setting D61 footprint position: (162242500, 142112500)
DEBUG: board_modifier.py:132: Getting MX62 footprint position: (176212500, 138112500)
DEBUG: board_modifier.py:119: Setting D62 footprint position: (181292500, 142112500)
DEBUG: board_modifier.py:132: Getting MX63 footprint position: (195262500, 138112500)
DEBUG: board_modifier.py:119: Setting D63 footprint position: (200342500, 142112500)
DEBUG: board_modifier.py:132: Getting MX64 footprint position: (214312500, 138112500)
DEBUG: board_modifier.py:119: Setting D64 footprint position: (219392500, 142112500)
DEBUG: board_modifier.py:132: Getting MX65 footprint position: (233362500, 138112500)
DEBUG: board_modifier.py:119: Setting D65 footprint position: (238442500, 142112500)
DEBUG: board_modifier.py:132: Getting MX66 footprint position: (252412500, 138112500)
DEBUG: board_modifier.py:119: Setting D66 footprint position: (257492500, 142112500)
DEBUG: board_modifier.py:132: Getting MX67 footprint position: (271462500, 138112500)
DEBUG: board_modifier.py:119: Setting D67 footprint position: (276542500, 142112500)
DEBUG: board_modifier.py:132: Getting MX68 footprint position: (290512500, 138112500)
DEBUG: board_modifier.py:119: Setting D68 footprint position: (295592500, 142112500)
DEBUG: board_modifier.py:132: Getting MX69 footprint position: (309562500, 138112500)
DEBUG: board_modifier.py:119: Setting D69 footprint position: (314642500, 142112500)
DEBUG: board_modifier.py:132: Getting MX70 footprint position: (328612500, 138112500)
DEBUG: board_modifier.py:119: Setting D70 footprint position: (333692500, 142112500)
DEBUG: board_modifier.py:132: Getting MX71 footprint position: (354806250, 138112500)
DEBUG: board_modifier.py:119: Setting D71 footprint position: (359886250, 142112500)
DEBUG: board_modifier.py:132: Getting MX72 footprint position: (414337500, 138112500)
DEBUG: board_modifier.py:119: Setting D72 footprint position: (419417500, 142112500)
DEBUG: board_modifier.py:132: Getting MX73 footprint position: (388143750, 142875000)
DEBUG: board_modifier.py:119: Setting D73 footprint position: (393223750, 146875000)
DEBUG: board_modifier.py:132: Getting MX74 footprint position: (116681250, 157162500)
DEBUG: board_modifier.py:119: Setting D74 footprint position: (121761250, 161162500)
DEBUG: board_modifier.py:132: Getting MX75 footprint position: (140493750, 157162500)
DEBUG: board_modifier.py:119: Setting D75 footprint position: (145573750, 161162500)
DEBUG: board_modifier.py:132: Getting MX76 footprint position: (164306250, 157162500)
DEBUG: board_modifier.py:119: Setting D76 footprint position: (169386250, 161162500)
DEBUG: board_modifier.py:132: Getting MX77 footprint position: (235743750, 157162500)
DEBUG: board_modifier.py:119: Setting D77 footprint position: (240823750, 161162500)
DEBUG: board_modifier.py:132: Getting MX78 footprint position: (304800000, 157162500)
DEBUG: board_modifier.py:119: Setting D78 footprint position: (309880000, 161162500)
DEBUG: board_modifier.py:132: Getting MX79 footprint position: (323850000, 157162500)
DEBUG: board_modifier.py:119: Setting D79 footprint position: (328930000, 161162500)
DEBUG: board_modifier.py:132: Getting MX80 footprint position: (342900000, 157162500)
DEBUG: board_modifier.py:119: Setting D80 footprint position: (347980000, 161162500)
DEBUG: board_modifier.py:132: Getting MX81 footprint position: (369093750, 161925000)
DEBUG: board_modifier.py:119: Setting D81 footprint position: (374173750, 165925000)
DEBUG: board_modifier.py:132: Getting MX82 footprint position: (388143750, 161925000)
DEBUG: board_modifier.py:119: Setting D82 footprint position: (393223750, 165925000)
DEBUG: board_modifier.py:132: Getting MX83 footprint position: (407193750, 161925000)
DEBUG: board_modifier.py:119: Setting D83 footprint position: (412273750, 165925000)
DEBUG: key_placer.py:889: Optimizing orientation of MX1 diodes
DEBUG: board_modifier.py:132: Getting D1 footprint position: (119380000, 61150000)
DEBUG: key_placer.py:902: Rotated D1 to minimize distance
DEBUG: key_placer.py:889: Optimizing orientation of MX2 diodes
DEBUG: board_modifier.py:132: Getting D2 footprint position: (143192500, 61150000)
DEBUG: key_placer.py:889: Optimizing orientation of MX3 diodes
DEBUG: board_modifier.py:132: Getting D3 footprint position: (162242500, 61150000)
DEBUG: key_placer.py:902: Rotated D3 to minimize distance
DEBUG: key_placer.py:889: Optimizing orientation of MX4 diodes
DEBUG: board_modifier.py:132: Getting D4 footprint position: (181292500, 61150000)
DEBUG: key_placer.py:889: Optimizing orientation of MX5 diodes
DEBUG: board_modifier.py:132: Getting D5 footprint position: (200342500, 61150000)
DEBUG: key_placer.py:902: Rotated D5 to minimize distance
DEBUG: key_placer.py:889: Optimizing orientation of MX6 diodes
DEBUG: board_modifier.py:132: Getting D6 footprint position: (219392500, 61150000)
DEBUG: key_placer.py:889: Optimizing orientation of MX7 diodes
DEBUG: board_modifier.py:132: Getting D7 footprint position: (238442500, 61150000)
DEBUG: key_placer.py:902: Rotated D7 to minimize distance
DEBUG: key_placer.py:889: Optimizing orientation of MX8 diodes
DEBUG: board_modifier.py:132: Getting D8 footprint position: (262255000, 61150000)
DEBUG: key_placer.py:889: Optimizing orientation of MX9 diodes
DEBUG: board_modifier.py:132: Getting D9 footprint position: (281305000, 61150000)
DEBUG: key_placer.py:902: Rotated D9 to minimize distance
DEBUG: key_placer.py:889: Optimizing orientation of MX10 diodes
DEBUG: board_modifier.py:132: Getting D10 footprint position: (300355000, 61150000)
DEBUG: key_placer.py:889: Optimizing orientation of MX11 diodes
DEBUG: board_modifier.py:132: Getting D11 footprint position: (319405000, 61150000)
DEBUG: key_placer.py:902: Rotated D11 to minimize distance
DEBUG: key_placer.py:889: Optimizing orientation of MX12 diodes
DEBUG: board_modifier.py:132: Getting D12 footprint position: (338455000, 61150000)
DEBUG: key_placer.py:889: Optimizing orientation of MX13 diodes
DEBUG: board_modifier.py:132: Getting D13 footprint position: (357505000, 61150000)
DEBUG: key_placer.py:902: Rotated D13 to minimize distance
DEBUG: key_placer.py:889: Optimizing orientation of MX14 diodes
DEBUG: board_modifier.py:132: Getting D14 footprint position: (376555000, 61150000)
DEBUG: key_placer.py:889: Optimizing orientation of MX15 diodes
DEBUG: board_modifier.py:132: Getting D15 footprint position: (419417500, 61150000)
DEBUG: key_placer.py:889: Optimizing orientation of MX16 diodes
DEBUG: board_modifier.py:132: Getting D16 footprint position: (119380000, 84962500)
DEBUG: key_placer.py:902: Rotated D16 to minimize distance
DEBUG: key_placer.py:889: Optimizing orientation of MX17 diodes
DEBUG: board_modifier.py:132: Getting D17 footprint position: (138430000, 84962500)
DEBUG: key_placer.py:889: Optimizing orientation of MX18 diodes
DEBUG: board_modifier.py:132: Getting D18 footprint position: (157480000, 84962500)
DEBUG: key_placer.py:902: Rotated D18 to minimize distance
DEBUG: key_placer.py:889: Optimizing orientation of MX19 diodes
DEBUG: board_modifier.py:132: Getting D19 footprint position: (176530000, 84962500)
DEBUG: key_placer.py:889: Optimizing orientation of MX20 diodes
DEBUG: board_modifier.py:132: Getting D20 footprint position: (195580000, 84962500)
DEBUG: key_placer.py:902: Rotated D20 to minimize distance
DEBUG: key_placer.py:889: Optimizing orientation of MX21 diodes
DEBUG: board_modifier.py:132: Getting D21 footprint position: (214630000, 84962500)
DEBUG: key_placer.py:889: Optimizing orientation of MX22 diodes
DEBUG: board_modifier.py:132: Getting D22 footprint position: (233680000, 84962500)
DEBUG: key_placer.py:902: Rotated D22 to minimize distance
DEBUG: key_placer.py:889: Optimizing orientation of MX23 diodes
DEBUG: board_modifier.py:132: Getting D23 footprint position: (252730000, 84962500)
DEBUG: key_placer.py:889: Optimizing orientation of MX24 diodes
DEBUG: board_modifier.py:132: Getting D24 footprint position: (271780000, 84962500)
DEBUG: key_placer.py:902: Rotated D24 to minimize distance
DEBUG: key_placer.py:889: Optimizing orientation of MX25 diodes
DEBUG: board_modifier.py:132: Getting D25 footprint position: (290830000, 84962500)
DEBUG: key_placer.py:889: Optimizing orientation of MX26 diodes
DEBUG: board_modifier.py:132: Getting D26 footprint position: (309880000, 84962500)
DEBUG: key_placer.py:902: Rotated D26 to minimize distance
DEBUG: key_placer.py:889: Optimizing orientation of MX27 diodes
DEBUG: board_modifier.py:132: Getting D27 footprint position: (328930000, 84962500)
DEBUG: key_placer.py:889: Optimizing orientation of MX28 diodes
DEBUG: board_modifier.py:132: Getting D28 footprint position: (347980000, 84962500)
DEBUG: key_placer.py:902: Rotated D28 to minimize distance
DEBUG: key_placer.py:889: Optimizing orientation of MX29 diodes
DEBUG: board_modifier.py:132: Getting D29 footprint position: (376555000, 84962500)
DEBUG: key_placer.py:889: Optimizing orientation of MX30 diodes
DEBUG: board_modifier.py:132: Getting D30 footprint position: (419417500, 84962500)
DEBUG: key_placer.py:889: Optimizing orientation of MX31 diodes
DEBUG: board_modifier.py:132: Getting D31 footprint position: (124142500, 104012500)
DEBUG: key_placer.py:902: Rotated D31 to minimize distance
DEBUG: key_placer.py:889: Optimizing orientation of MX32 diodes
DEBUG: board_modifier.py:132: Getting D32 footprint position: (147955000, 104012500)
DEBUG: key_placer.py:889: Optimizing orientation of MX33 diodes
DEBUG: board_modifier.py:132: Getting D33 footprint position: (167005000, 104012500)
DEBUG: key_placer.py:902: Rotated D33 to minimize distance
DEBUG: key_placer.py:889: Optimizing orientation of MX34 diodes
DEBUG: board_modifier.py:132: Getting D34 footprint position: (186055000, 104012500)
DEBUG: key_placer.py:889: Optimizing orientation of MX35 diodes
DEBUG: board_modifier.py:132: Getting D35 footprint position: (205105000, 104012500)
DEBUG: key_placer.py:902: Rotated D35 to minimize distance
DEBUG: key_placer.py:889: Optimizing orientation of MX36 diodes
DEBUG: board_modifier.py:132: Getting D36 footprint position: (224155000, 104012500)
DEBUG: key_placer.py:889: Optimizing orientation of MX37 diodes
DEBUG: board_modifier.py:132: Getting D37 footprint position: (243205000, 104012500)
DEBUG: key_placer.py:902: Rotated D37 to minimize distance
DEBUG: key_placer.py:889: Optimizing orientation of MX38 diodes
DEBUG: board_modifier.py:132: Getting D38 footprint position: (262255000, 104012500)
DEBUG: key_placer.py:889: Optimizing orientation of MX39 diodes
DEBUG: board_modifier.py:132: Getting D39 footprint position: (281305000, 104012500)
DEBUG: key_placer.py:902: Rotated D39 to minimize distance
DEBUG: key_placer.py:889: Optimizing orientation of MX40 diodes
DEBUG: board_modifier.py:132: Getting D40 footprint position: (300355000, 104012500)
DEBUG: key_placer.py:889: Optimizing orientation of MX41 diodes
DEBUG: board_modifier.py:132: Getting D41 footprint position: (319405000, 104012500)
DEBUG: key_placer.py:902: Rotated D41 to minimize distance
DEBUG: key_placer.py:889: Optimizing orientation of MX42 diodes
DEBUG: board_modifier.py:132: Getting D42 footprint position: (338455000, 104012500)
DEBUG: key_placer.py:889: Optimizing orientation of MX43 diodes
DEBUG: board_modifier.py:132: Getting D43 footprint position: (357505000, 104012500)
DEBUG: key_placer.py:902: Rotated D43 to minimize distance
DEBUG: key_placer.py:889: Optimizing orientation of MX44 diodes
DEBUG: board_modifier.py:132: Getting D44 footprint position: (381317500, 104012500)
DEBUG: key_placer.py:889: Optimizing orientation of MX45 diodes
DEBUG: board_modifier.py:132: Getting D45 footprint position: (419417500, 104012500)
DEBUG: key_placer.py:889: Optimizing orientation of MX46 diodes
DEBUG: board_modifier.py:132: Getting D46 footprint position: (126523750, 123062500)
DEBUG: key_placer.py:902: Rotated D46 to minimize distance
DEBUG: key_placer.py:889: Optimizing orientation of MX47 diodes
DEBUG: board_modifier.py:132: Getting D47 footprint position: (152717500, 123062500)
DEBUG: key_placer.py:889: Optimizing orientation of MX48 diodes
DEBUG: board_modifier.py:132: Getting D48 footprint position: (171767500, 123062500)
DEBUG: key_placer.py:902: Rotated D48 to minimize distance
DEBUG: key_placer.py:889: Optimizing orientation of MX49 diodes
DEBUG: board_modifier.py:132: Getting D49 footprint position: (190817500, 123062500)
DEBUG: key_placer.py:889: Optimizing orientation of MX50 diodes
DEBUG: board_modifier.py:132: Getting D50 footprint position: (209867500, 123062500)
DEBUG: key_placer.py:902: Rotated D50 to minimize distance
DEBUG: key_placer.py:889: Optimizing orientation of MX51 diodes
DEBUG: board_modifier.py:132: Getting D51 footprint position: (228917500, 123062500)
DEBUG: key_placer.py:889: Optimizing orientation of MX52 diodes
DEBUG: board_modifier.py:132: Getting D52 footprint position: (247967500, 123062500)
DEBUG: key_placer.py:902: Rotated D52 to minimize distance
DEBUG: key_placer.py:889: Optimizing orientation of MX53 diodes
DEBUG: board_modifier.py:132: Getting D53 footprint position: (267017500, 123062500)
DEBUG: key_placer.py:889: Optimizing orientation of MX54 diodes
DEBUG: board_modifier.py:132: Getting D54 footprint position: (286067500, 123062500)
DEBUG: key_placer.py:902: Rotated D54 to minimize distance
DEBUG: key_placer.py:889: Optimizing orientation of MX55 diodes
DEBUG: board_modifier.py:132: Getting D55 footprint position: (305117500, 123062500)
DEBUG: key_placer.py:889: Optimizing orientation of MX56 diodes
DEBUG: board_modifier.py:132: Getting D56 footprint position: (324167500, 123062500)
DEBUG: key_placer.py:902: Rotated D56 to minimize distance
DEBUG: key_placer.py:889: Optimizing orientation of MX57 diodes
DEBUG: board_modifier.py:132: Getting D57 footprint position: (343217500, 123062500)
DEBUG: key_placer.py:889: Optimizing orientation of MX58 diodes
DEBUG: board_modifier.py:132: Getting D58 footprint position: (374173750, 123062500)
DEBUG: key_placer.py:902: Rotated D58 to minimize distance
DEBUG: key_placer.py:889: Optimizing orientation of MX59 diodes
DEBUG: board_modifier.py:132: Getting D59 footprint position: (419417500, 123062500)
DEBUG: key_placer.py:889: Optimizing orientation of MX60 diodes
DEBUG: board_modifier.py:132: Getting D60 footprint position: (131286250, 142112500)
DEBUG: key_placer.py:902: Rotated D60 to minimize distance
DEBUG: key_placer.py:889: Optimizing orientation of MX61 diodes
DEBUG: board_modifier.py:132: Getting D61 footprint position: (162242500, 142112500)
DEBUG: key_placer.py:889: Optimizing orientation of MX62 diodes
DEBUG: board_modifier.py:132: Getting D62 footprint position: (181292500, 142112500)
DEBUG: key_placer.py:902: Rotated D62 to minimize distance
DEBUG: key_placer.py:889: Optimizing orientation of MX63 diodes
DEBUG: board_modifier.py:132: Getting D63 footprint position: (200342500, 142112500)
DEBUG: key_placer.py:889: Optimizing orientation of MX64 diodes
DEBUG: board_modifier.py:132: Getting D64 footprint position: (219392500, 142112500)
DEBUG: key_placer.py:902: Rotated D64 to minimize distance
DEBUG: key_placer.py:889: Optimizing orientation of MX65 diodes
DEBUG: board_modifier.py:132: Getting D65 footprint position: (238442500, 142112500)
DEBUG: key_placer.py:889: Optimizing orientation of MX66 diodes
DEBUG: board_modifier.py:132: Getting D66 footprint position: (257492500, 142112500)
DEBUG: key_placer.py:902: Rotated D66 to minimize distance
DEBUG: key_placer.py:889: Optimizing orientation of MX67 diodes
DEBUG: board_modifier.py:132: Getting D67 footprint position: (276542500, 142112500)
DEBUG: key_placer.py:889: Optimizing orientation of MX68 diodes
DEBUG: board_modifier.py:132: Getting D68 footprint position: (295592500, 142112500)
DEBUG: key_placer.py:902: Rotated D68 to minimize distance
DEBUG: key_placer.py:889: Optimizing orientation of MX69 diodes
DEBUG: board_modifier.py:132: Getting D69 footprint position: (314642500, 142112500)
DEBUG: key_placer.py:889: Optimizing orientation of MX70 diodes
DEBUG: board_modifier.py:132: Getting D70 footprint position: (333692500, 142112500)
DEBUG: key_placer.py:902: Rotated D70 to minimize distance
DEBUG: key_placer.py:889: Optimizing orientation of MX71 diodes
DEBUG: board_modifier.py:132: Getting D71 footprint position: (359886250, 142112500)
DEBUG: key_placer.py:889: Optimizing orientation of MX72 diodes
DEBUG: board_modifier.py:132: Getting D72 footprint position: (419417500, 142112500)
DEBUG: key_placer.py:902: Rotated D72 to minimize distance
DEBUG: key_placer.py:889: Optimizing orientation of MX73 diodes
DEBUG: board_modifier.py:132: Getting D73 footprint position: (393223750, 146875000)
DEBUG: key_placer.py:889: Optimizing orientation of MX74 diodes
DEBUG: board_modifier.py:132: Getting D74 footprint position: (121761250, 161162500)
DEBUG: key_placer.py:902: Rotated D74 to minimize distance
DEBUG: key_placer.py:889: Optimizing orientation of MX75 diodes
DEBUG: board_modifier.py:132: Getting D75 footprint position: (145573750, 161162500)
DEBUG: key_placer.py:889: Optimizing orientation of MX76 diodes
DEBUG: board_modifier.py:132: Getting D76 footprint position: (169386250, 161162500)
DEBUG: key_placer.py:902: Rotated D76 to minimize distance
DEBUG: key_placer.py:889: Optimizing orientation of MX77 diodes
DEBUG: board_modifier.py:132: Getting D77 footprint position: (240823750, 161162500)
DEBUG: key_placer.py:902: Rotated D77 to minimize distance
DEBUG: key_placer.py:889: Optimizing orientation of MX78 diodes
DEBUG: board_modifier.py:132: Getting D78 footprint position: (309880000, 161162500)
DEBUG: key_placer.py:902: Rotated D78 to minimize distance
DEBUG: key_placer.py:889: Optimizing orientation of MX79 diodes
DEBUG: board_modifier.py:132: Getting D79 footprint position: (328930000, 161162500)
DEBUG: key_placer.py:889: Optimizing orientation of MX80 diodes
DEBUG: board_modifier.py:132: Getting D80 footprint position: (347980000, 161162500)
DEBUG: key_placer.py:902: Rotated D80 to minimize distance
DEBUG: key_placer.py:889: Optimizing orientation of MX81 diodes
DEBUG: board_modifier.py:132: Getting D81 footprint position: (374173750, 165925000)
DEBUG: key_placer.py:889: Optimizing orientation of MX82 diodes
DEBUG: board_modifier.py:132: Getting D82 footprint position: (393223750, 165925000)
DEBUG: key_placer.py:902: Rotated D82 to minimize distance
DEBUG: key_placer.py:889: Optimizing orientation of MX83 diodes
DEBUG: board_modifier.py:132: Getting D83 footprint position: (412273750, 165925000)
DEBUG: key_placer.py:928: Placing additional elements for MX22
DEBUG: board_modifier.py:132: Getting MX22 footprint position: (228600000, 80962500)
DEBUG: board_modifier.py:84: Searching for optional ST22 footprint in C:/Users/Gauta/OneDrive/Documents/GitHub/modular keeb/modular-keyboard-pcb.kicad_pcb
DEBUG: board_modifier.py:89: Footprint not found
DEBUG: key_placer.py:928: Placing additional elements for MX48
DEBUG: board_modifier.py:132: Getting MX48 footprint position: (166687500, 119062500)
DEBUG: board_modifier.py:84: Searching for optional ST48 footprint in C:/Users/Gauta/OneDrive/Documents/GitHub/modular keeb/modular-keyboard-pcb.kicad_pcb
DEBUG: board_modifier.py:89: Footprint not found
DEBUG: key_placer.py:928: Placing additional elements for MX67
DEBUG: board_modifier.py:132: Getting MX67 footprint position: (271462500, 138112500)
DEBUG: board_modifier.py:84: Searching for optional ST67 footprint in C:/Users/Gauta/OneDrive/Documents/GitHub/modular keeb/modular-keyboard-pcb.kicad_pcb
DEBUG: board_modifier.py:89: Footprint not found
DEBUG: key_placer.py:928: Placing additional elements for MX36
DEBUG: board_modifier.py:132: Getting MX36 footprint position: (219075000, 100012500)
DEBUG: board_modifier.py:84: Searching for optional ST36 footprint in C:/Users/Gauta/OneDrive/Documents/GitHub/modular keeb/modular-keyboard-pcb.kicad_pcb
DEBUG: board_modifier.py:89: Footprint not found
DEBUG: key_placer.py:928: Placing additional elements for MX7
DEBUG: board_modifier.py:132: Getting MX7 footprint position: (233362500, 57150000)
DEBUG: board_modifier.py:84: Searching for optional ST7 footprint in C:/Users/Gauta/OneDrive/Documents/GitHub/modular keeb/modular-keyboard-pcb.kicad_pcb
DEBUG: board_modifier.py:89: Footprint not found
DEBUG: key_placer.py:928: Placing additional elements for MX81
DEBUG: board_modifier.py:132: Getting MX81 footprint position: (369093750, 161925000)
DEBUG: board_modifier.py:84: Searching for optional ST81 footprint in C:/Users/Gauta/OneDrive/Documents/GitHub/modular keeb/modular-keyboard-pcb.kicad_pcb
DEBUG: board_modifier.py:89: Footprint not found
DEBUG: key_placer.py:928: Placing additional elements for MX79
DEBUG: board_modifier.py:132: Getting MX79 footprint position: (323850000, 157162500)
DEBUG: board_modifier.py:84: Searching for optional ST79 footprint in C:/Users/Gauta/OneDrive/Documents/GitHub/modular keeb/modular-keyboard-pcb.kicad_pcb
DEBUG: board_modifier.py:89: Footprint not found
DEBUG: key_placer.py:928: Placing additional elements for MX37
DEBUG: board_modifier.py:132: Getting MX37 footprint position: (238125000, 100012500)
DEBUG: board_modifier.py:84: Searching for optional ST37 footprint in C:/Users/Gauta/OneDrive/Documents/GitHub/modular keeb/modular-keyboard-pcb.kicad_pcb
DEBUG: board_modifier.py:89: Footprint not found
DEBUG: key_placer.py:928: Placing additional elements for MX20
DEBUG: board_modifier.py:132: Getting MX20 footprint position: (190500000, 80962500)
DEBUG: board_modifier.py:84: Searching for optional ST20 footprint in C:/Users/Gauta/OneDrive/Documents/GitHub/modular keeb/modular-keyboard-pcb.kicad_pcb
DEBUG: board_modifier.py:89: Footprint not found
DEBUG: key_placer.py:928: Placing additional elements for MX42
DEBUG: board_modifier.py:132: Getting MX42 footprint position: (333375000, 100012500)
DEBUG: board_modifier.py:84: Searching for optional ST42 footprint in C:/Users/Gauta/OneDrive/Documents/GitHub/modular keeb/modular-keyboard-pcb.kicad_pcb
DEBUG: board_modifier.py:89: Footprint not found
DEBUG: key_placer.py:928: Placing additional elements for MX5
DEBUG: board_modifier.py:132: Getting MX5 footprint position: (195262500, 57150000)
DEBUG: board_modifier.py:84: Searching for optional ST5 footprint in C:/Users/Gauta/OneDrive/Documents/GitHub/modular keeb/modular-keyboard-pcb.kicad_pcb
DEBUG: board_modifier.py:89: Footprint not found
DEBUG: key_placer.py:928: Placing additional elements for MX27
DEBUG: board_modifier.py:132: Getting MX27 footprint position: (323850000, 80962500)
DEBUG: board_modifier.py:84: Searching for optional ST27 footprint in C:/Users/Gauta/OneDrive/Documents/GitHub/modular keeb/modular-keyboard-pcb.kicad_pcb
DEBUG: board_modifier.py:89: Footprint not found
DEBUG: key_placer.py:928: Placing additional elements for MX46
DEBUG: board_modifier.py:132: Getting MX46 footprint position: (121443750, 119062500)
DEBUG: board_modifier.py:84: Searching for optional ST46 footprint in C:/Users/Gauta/OneDrive/Documents/GitHub/modular keeb/modular-keyboard-pcb.kicad_pcb
DEBUG: board_modifier.py:89: Footprint not found
DEBUG: key_placer.py:928: Placing additional elements for MX14
DEBUG: board_modifier.py:132: Getting MX14 footprint position: (371475000, 57150000)
DEBUG: board_modifier.py:84: Searching for optional ST14 footprint in C:/Users/Gauta/OneDrive/Documents/GitHub/modular keeb/modular-keyboard-pcb.kicad_pcb
DEBUG: board_modifier.py:89: Footprint not found
DEBUG: key_placer.py:928: Placing additional elements for MX16
DEBUG: board_modifier.py:132: Getting MX16 footprint position: (114300000, 80962500)
DEBUG: board_modifier.py:84: Searching for optional ST16 footprint in C:/Users/Gauta/OneDrive/Documents/GitHub/modular keeb/modular-keyboard-pcb.kicad_pcb
DEBUG: board_modifier.py:89: Footprint not found
DEBUG: key_placer.py:928: Placing additional elements for MX53
DEBUG: board_modifier.py:132: Getting MX53 footprint position: (261937500, 119062500)
DEBUG: board_modifier.py:84: Searching for optional ST53 footprint in C:/Users/Gauta/OneDrive/Documents/GitHub/modular keeb/modular-keyboard-pcb.kicad_pcb
DEBUG: board_modifier.py:89: Footprint not found
DEBUG: key_placer.py:928: Placing additional elements for MX62
DEBUG: board_modifier.py:132: Getting MX62 footprint position: (176212500, 138112500)
DEBUG: board_modifier.py:84: Searching for optional ST62 footprint in C:/Users/Gauta/OneDrive/Documents/GitHub/modular keeb/modular-keyboard-pcb.kicad_pcb
DEBUG: board_modifier.py:89: Footprint not found
DEBUG: key_placer.py:928: Placing additional elements for MX82
DEBUG: board_modifier.py:132: Getting MX82 footprint position: (388143750, 161925000)
DEBUG: board_modifier.py:84: Searching for optional ST82 footprint in C:/Users/Gauta/OneDrive/Documents/GitHub/modular keeb/modular-keyboard-pcb.kicad_pcb
DEBUG: board_modifier.py:89: Footprint not found
DEBUG: key_placer.py:928: Placing additional elements for MX54
DEBUG: board_modifier.py:132: Getting MX54 footprint position: (280987500, 119062500)
DEBUG: board_modifier.py:84: Searching for optional ST54 footprint in C:/Users/Gauta/OneDrive/Documents/GitHub/modular keeb/modular-keyboard-pcb.kicad_pcb
DEBUG: board_modifier.py:89: Footprint not found
DEBUG: key_placer.py:928: Placing additional elements for MX28
DEBUG: board_modifier.py:132: Getting MX28 footprint position: (342900000, 80962500)
DEBUG: board_modifier.py:84: Searching for optional ST28 footprint in C:/Users/Gauta/OneDrive/Documents/GitHub/modular keeb/modular-keyboard-pcb.kicad_pcb
DEBUG: board_modifier.py:89: Footprint not found
DEBUG: key_placer.py:928: Placing additional elements for MX15
DEBUG: board_modifier.py:132: Getting MX15 footprint position: (414337500, 57150000)
DEBUG: board_modifier.py:84: Searching for optional ST15 footprint in C:/Users/Gauta/OneDrive/Documents/GitHub/modular keeb/modular-keyboard-pcb.kicad_pcb
DEBUG: board_modifier.py:89: Footprint not found
DEBUG: key_placer.py:928: Placing additional elements for MX31
DEBUG: board_modifier.py:132: Getting MX31 footprint position: (119062500, 100012500)
DEBUG: board_modifier.py:84: Searching for optional ST31 footprint in C:/Users/Gauta/OneDrive/Documents/GitHub/modular keeb/modular-keyboard-pcb.kicad_pcb
DEBUG: board_modifier.py:89: Footprint not found
DEBUG: key_placer.py:928: Placing additional elements for MX2
DEBUG: board_modifier.py:132: Getting MX2 footprint position: (138112500, 57150000)
DEBUG: board_modifier.py:84: Searching for optional ST2 footprint in C:/Users/Gauta/OneDrive/Documents/GitHub/modular keeb/modular-keyboard-pcb.kicad_pcb
DEBUG: board_modifier.py:89: Footprint not found
DEBUG: key_placer.py:928: Placing additional elements for MX70
DEBUG: board_modifier.py:132: Getting MX70 footprint position: (328612500, 138112500)
DEBUG: board_modifier.py:84: Searching for optional ST70 footprint in C:/Users/Gauta/OneDrive/Documents/GitHub/modular keeb/modular-keyboard-pcb.kicad_pcb
DEBUG: board_modifier.py:89: Footprint not found
DEBUG: key_placer.py:928: Placing additional elements for MX30
DEBUG: board_modifier.py:132: Getting MX30 footprint position: (414337500, 80962500)
DEBUG: board_modifier.py:84: Searching for optional ST30 footprint in C:/Users/Gauta/OneDrive/Documents/GitHub/modular keeb/modular-keyboard-pcb.kicad_pcb
DEBUG: board_modifier.py:89: Footprint not found
DEBUG: key_placer.py:928: Placing additional elements for MX55
DEBUG: board_modifier.py:132: Getting MX55 footprint position: (300037500, 119062500)
DEBUG: board_modifier.py:84: Searching for optional ST55 footprint in C:/Users/Gauta/OneDrive/Documents/GitHub/modular keeb/modular-keyboard-pcb.kicad_pcb
DEBUG: board_modifier.py:89: Footprint not found
DEBUG: key_placer.py:928: Placing additional elements for MX39
DEBUG: board_modifier.py:132: Getting MX39 footprint position: (276225000, 100012500)
DEBUG: board_modifier.py:84: Searching for optional ST39 footprint in C:/Users/Gauta/OneDrive/Documents/GitHub/modular keeb/modular-keyboard-pcb.kicad_pcb
DEBUG: board_modifier.py:89: Footprint not found
DEBUG: key_placer.py:928: Placing additional elements for MX47
DEBUG: board_modifier.py:132: Getting MX47 footprint position: (147637500, 119062500)
DEBUG: board_modifier.py:84: Searching for optional ST47 footprint in C:/Users/Gauta/OneDrive/Documents/GitHub/modular keeb/modular-keyboard-pcb.kicad_pcb
DEBUG: board_modifier.py:89: Footprint not found
DEBUG: key_placer.py:928: Placing additional elements for MX4
DEBUG: board_modifier.py:132: Getting MX4 footprint position: (176212500, 57150000)
DEBUG: board_modifier.py:84: Searching for optional ST4 footprint in C:/Users/Gauta/OneDrive/Documents/GitHub/modular keeb/modular-keyboard-pcb.kicad_pcb
DEBUG: board_modifier.py:89: Footprint not found
DEBUG: key_placer.py:928: Placing additional elements for MX9
DEBUG: board_modifier.py:132: Getting MX9 footprint position: (276225000, 57150000)
DEBUG: board_modifier.py:84: Searching for optional ST9 footprint in C:/Users/Gauta/OneDrive/Documents/GitHub/modular keeb/modular-keyboard-pcb.kicad_pcb
DEBUG: board_modifier.py:89: Footprint not found
DEBUG: key_placer.py:928: Placing additional elements for MX52
DEBUG: board_modifier.py:132: Getting MX52 footprint position: (242887500, 119062500)
DEBUG: board_modifier.py:84: Searching for optional ST52 footprint in C:/Users/Gauta/OneDrive/Documents/GitHub/modular keeb/modular-keyboard-pcb.kicad_pcb
DEBUG: board_modifier.py:89: Footprint not found
DEBUG: key_placer.py:928: Placing additional elements for MX23
DEBUG: board_modifier.py:132: Getting MX23 footprint position: (247650000, 80962500)
DEBUG: board_modifier.py:84: Searching for optional ST23 footprint in C:/Users/Gauta/OneDrive/Documents/GitHub/modular keeb/modular-keyboard-pcb.kicad_pcb
DEBUG: board_modifier.py:89: Footprint not found
DEBUG: key_placer.py:928: Placing additional elements for MX44
DEBUG: board_modifier.py:132: Getting MX44 footprint position: (376237500, 100012500)
DEBUG: board_modifier.py:84: Searching for optional ST44 footprint in C:/Users/Gauta/OneDrive/Documents/GitHub/modular keeb/modular-keyboard-pcb.kicad_pcb
DEBUG: board_modifier.py:89: Footprint not found
DEBUG: key_placer.py:928: Placing additional elements for MX8
DEBUG: board_modifier.py:132: Getting MX8 footprint position: (257175000, 57150000)
DEBUG: board_modifier.py:84: Searching for optional ST8 footprint in C:/Users/Gauta/OneDrive/Documents/GitHub/modular keeb/modular-keyboard-pcb.kicad_pcb
DEBUG: board_modifier.py:89: Footprint not found
DEBUG: key_placer.py:928: Placing additional elements for MX19
DEBUG: board_modifier.py:132: Getting MX19 footprint position: (171450000, 80962500)
DEBUG: board_modifier.py:84: Searching for optional ST19 footprint in C:/Users/Gauta/OneDrive/Documents/GitHub/modular keeb/modular-keyboard-pcb.kicad_pcb
DEBUG: board_modifier.py:89: Footprint not found
DEBUG: key_placer.py:928: Placing additional elements for MX25
DEBUG: board_modifier.py:132: Getting MX25 footprint position: (285750000, 80962500)
DEBUG: board_modifier.py:84: Searching for optional ST25 footprint in C:/Users/Gauta/OneDrive/Documents/GitHub/modular keeb/modular-keyboard-pcb.kicad_pcb
DEBUG: board_modifier.py:89: Footprint not found
DEBUG: key_placer.py:928: Placing additional elements for MX71
DEBUG: board_modifier.py:132: Getting MX71 footprint position: (354806250, 138112500)
DEBUG: board_modifier.py:84: Searching for optional ST71 footprint in C:/Users/Gauta/OneDrive/Documents/GitHub/modular keeb/modular-keyboard-pcb.kicad_pcb
DEBUG: board_modifier.py:89: Footprint not found
DEBUG: key_placer.py:928: Placing additional elements for MX69
DEBUG: board_modifier.py:132: Getting MX69 footprint position: (309562500, 138112500)
DEBUG: board_modifier.py:84: Searching for optional ST69 footprint in C:/Users/Gauta/OneDrive/Documents/GitHub/modular keeb/modular-keyboard-pcb.kicad_pcb
DEBUG: board_modifier.py:89: Footprint not found
DEBUG: key_placer.py:928: Placing additional elements for MX51
DEBUG: board_modifier.py:132: Getting MX51 footprint position: (223837500, 119062500)
DEBUG: board_modifier.py:84: Searching for optional ST51 footprint in C:/Users/Gauta/OneDrive/Documents/GitHub/modular keeb/modular-keyboard-pcb.kicad_pcb
DEBUG: board_modifier.py:89: Footprint not found
DEBUG: key_placer.py:928: Placing additional elements for MX21
DEBUG: board_modifier.py:132: Getting MX21 footprint position: (209550000, 80962500)
DEBUG: board_modifier.py:84: Searching for optional ST21 footprint in C:/Users/Gauta/OneDrive/Documents/GitHub/modular keeb/modular-keyboard-pcb.kicad_pcb
DEBUG: board_modifier.py:89: Footprint not found
DEBUG: key_placer.py:928: Placing additional elements for MX18
DEBUG: board_modifier.py:132: Getting MX18 footprint position: (152400000, 80962500)
DEBUG: board_modifier.py:84: Searching for optional ST18 footprint in C:/Users/Gauta/OneDrive/Documents/GitHub/modular keeb/modular-keyboard-pcb.kicad_pcb
DEBUG: board_modifier.py:89: Footprint not found
DEBUG: key_placer.py:928: Placing additional elements for MX33
DEBUG: board_modifier.py:132: Getting MX33 footprint position: (161925000, 100012500)
DEBUG: board_modifier.py:84: Searching for optional ST33 footprint in C:/Users/Gauta/OneDrive/Documents/GitHub/modular keeb/modular-keyboard-pcb.kicad_pcb
DEBUG: board_modifier.py:89: Footprint not found
DEBUG: key_placer.py:928: Placing additional elements for MX57
DEBUG: board_modifier.py:132: Getting MX57 footprint position: (338137500, 119062500)
DEBUG: board_modifier.py:84: Searching for optional ST57 footprint in C:/Users/Gauta/OneDrive/Documents/GitHub/modular keeb/modular-keyboard-pcb.kicad_pcb
DEBUG: board_modifier.py:89: Footprint not found
DEBUG: key_placer.py:928: Placing additional elements for MX65
DEBUG: board_modifier.py:132: Getting MX65 footprint position: (233362500, 138112500)
DEBUG: board_modifier.py:84: Searching for optional ST65 footprint in C:/Users/Gauta/OneDrive/Documents/GitHub/modular keeb/modular-keyboard-pcb.kicad_pcb
DEBUG: board_modifier.py:89: Footprint not found
DEBUG: key_placer.py:928: Placing additional elements for MX40
DEBUG: board_modifier.py:132: Getting MX40 footprint position: (295275000, 100012500)
DEBUG: board_modifier.py:84: Searching for optional ST40 footprint in C:/Users/Gauta/OneDrive/Documents/GitHub/modular keeb/modular-keyboard-pcb.kicad_pcb
DEBUG: board_modifier.py:89: Footprint not found
DEBUG: key_placer.py:928: Placing additional elements for MX73
DEBUG: board_modifier.py:132: Getting MX73 footprint position: (388143750, 142875000)
DEBUG: board_modifier.py:84: Searching for optional ST73 footprint in C:/Users/Gauta/OneDrive/Documents/GitHub/modular keeb/modular-keyboard-pcb.kicad_pcb
DEBUG: board_modifier.py:89: Footprint not found
DEBUG: key_placer.py:928: Placing additional elements for MX1
DEBUG: board_modifier.py:132: Getting MX1 footprint position: (114300000, 57150000)
DEBUG: board_modifier.py:84: Searching for optional ST1 footprint in C:/Users/Gauta/OneDrive/Documents/GitHub/modular keeb/modular-keyboard-pcb.kicad_pcb
DEBUG: board_modifier.py:89: Footprint not found
DEBUG: key_placer.py:928: Placing additional elements for MX11
DEBUG: board_modifier.py:132: Getting MX11 footprint position: (314325000, 57150000)
DEBUG: board_modifier.py:84: Searching for optional ST11 footprint in C:/Users/Gauta/OneDrive/Documents/GitHub/modular keeb/modular-keyboard-pcb.kicad_pcb
DEBUG: board_modifier.py:89: Footprint not found
DEBUG: key_placer.py:928: Placing additional elements for MX63
DEBUG: board_modifier.py:132: Getting MX63 footprint position: (195262500, 138112500)
DEBUG: board_modifier.py:84: Searching for optional ST63 footprint in C:/Users/Gauta/OneDrive/Documents/GitHub/modular keeb/modular-keyboard-pcb.kicad_pcb
DEBUG: board_modifier.py:89: Footprint not found
DEBUG: key_placer.py:928: Placing additional elements for MX12
DEBUG: board_modifier.py:132: Getting MX12 footprint position: (333375000, 57150000)
DEBUG: board_modifier.py:84: Searching for optional ST12 footprint in C:/Users/Gauta/OneDrive/Documents/GitHub/modular keeb/modular-keyboard-pcb.kicad_pcb
DEBUG: board_modifier.py:89: Footprint not found
DEBUG: key_placer.py:928: Placing additional elements for MX38
DEBUG: board_modifier.py:132: Getting MX38 footprint position: (257175000, 100012500)
DEBUG: board_modifier.py:84: Searching for optional ST38 footprint in C:/Users/Gauta/OneDrive/Documents/GitHub/modular keeb/modular-keyboard-pcb.kicad_pcb
DEBUG: board_modifier.py:89: Footprint not found
DEBUG: key_placer.py:928: Placing additional elements for MX56
DEBUG: board_modifier.py:132: Getting MX56 footprint position: (319087500, 119062500)
DEBUG: board_modifier.py:84: Searching for optional ST56 footprint in C:/Users/Gauta/OneDrive/Documents/GitHub/modular keeb/modular-keyboard-pcb.kicad_pcb
DEBUG: board_modifier.py:89: Footprint not found
DEBUG: key_placer.py:928: Placing additional elements for MX49
DEBUG: board_modifier.py:132: Getting MX49 footprint position: (185737500, 119062500)
DEBUG: board_modifier.py:84: Searching for optional ST49 footprint in C:/Users/Gauta/OneDrive/Documents/GitHub/modular keeb/modular-keyboard-pcb.kicad_pcb
DEBUG: board_modifier.py:89: Footprint not found
DEBUG: key_placer.py:928: Placing additional elements for MX3
DEBUG: board_modifier.py:132: Getting MX3 footprint position: (157162500, 57150000)
DEBUG: board_modifier.py:84: Searching for optional ST3 footprint in C:/Users/Gauta/OneDrive/Documents/GitHub/modular keeb/modular-keyboard-pcb.kicad_pcb
DEBUG: board_modifier.py:89: Footprint not found
DEBUG: key_placer.py:928: Placing additional elements for MX26
DEBUG: board_modifier.py:132: Getting MX26 footprint position: (304800000, 80962500)
DEBUG: board_modifier.py:84: Searching for optional ST26 footprint in C:/Users/Gauta/OneDrive/Documents/GitHub/modular keeb/modular-keyboard-pcb.kicad_pcb
DEBUG: board_modifier.py:89: Footprint not found
DEBUG: key_placer.py:928: Placing additional elements for MX78
DEBUG: board_modifier.py:132: Getting MX78 footprint position: (304800000, 157162500)
DEBUG: board_modifier.py:84: Searching for optional ST78 footprint in C:/Users/Gauta/OneDrive/Documents/GitHub/modular keeb/modular-keyboard-pcb.kicad_pcb
DEBUG: board_modifier.py:89: Footprint not found
DEBUG: key_placer.py:928: Placing additional elements for MX29
DEBUG: board_modifier.py:132: Getting MX29 footprint position: (371475000, 80962500)
DEBUG: board_modifier.py:84: Searching for optional ST29 footprint in C:/Users/Gauta/OneDrive/Documents/GitHub/modular keeb/modular-keyboard-pcb.kicad_pcb
DEBUG: board_modifier.py:89: Footprint not found
DEBUG: key_placer.py:928: Placing additional elements for MX76
DEBUG: board_modifier.py:132: Getting MX76 footprint position: (164306250, 157162500)
DEBUG: board_modifier.py:84: Searching for optional ST76 footprint in C:/Users/Gauta/OneDrive/Documents/GitHub/modular keeb/modular-keyboard-pcb.kicad_pcb
DEBUG: board_modifier.py:89: Footprint not found
DEBUG: key_placer.py:928: Placing additional elements for MX83
DEBUG: board_modifier.py:132: Getting MX83 footprint position: (407193750, 161925000)
DEBUG: board_modifier.py:84: Searching for optional ST83 footprint in C:/Users/Gauta/OneDrive/Documents/GitHub/modular keeb/modular-keyboard-pcb.kicad_pcb
DEBUG: board_modifier.py:89: Footprint not found
DEBUG: key_placer.py:928: Placing additional elements for MX60
DEBUG: board_modifier.py:132: Getting MX60 footprint position: (126206250, 138112500)
DEBUG: board_modifier.py:84: Searching for optional ST60 footprint in C:/Users/Gauta/OneDrive/Documents/GitHub/modular keeb/modular-keyboard-pcb.kicad_pcb
DEBUG: board_modifier.py:89: Footprint not found
DEBUG: key_placer.py:928: Placing additional elements for MX17
DEBUG: board_modifier.py:132: Getting MX17 footprint position: (133350000, 80962500)
DEBUG: board_modifier.py:84: Searching for optional ST17 footprint in C:/Users/Gauta/OneDrive/Documents/GitHub/modular keeb/modular-keyboard-pcb.kicad_pcb
DEBUG: board_modifier.py:89: Footprint not found
DEBUG: key_placer.py:928: Placing additional elements for MX66
DEBUG: board_modifier.py:132: Getting MX66 footprint position: (252412500, 138112500)
DEBUG: board_modifier.py:84: Searching for optional ST66 footprint in C:/Users/Gauta/OneDrive/Documents/GitHub/modular keeb/modular-keyboard-pcb.kicad_pcb
DEBUG: board_modifier.py:89: Footprint not found
DEBUG: key_placer.py:928: Placing additional elements for MX35
DEBUG: board_modifier.py:132: Getting MX35 footprint position: (200025000, 100012500)
DEBUG: board_modifier.py:84: Searching for optional ST35 footprint in C:/Users/Gauta/OneDrive/Documents/GitHub/modular keeb/modular-keyboard-pcb.kicad_pcb
DEBUG: board_modifier.py:89: Footprint not found
DEBUG: key_placer.py:928: Placing additional elements for MX58
DEBUG: board_modifier.py:132: Getting MX58 footprint position: (369093750, 119062500)
DEBUG: board_modifier.py:84: Searching for optional ST58 footprint in C:/Users/Gauta/OneDrive/Documents/GitHub/modular keeb/modular-keyboard-pcb.kicad_pcb
DEBUG: board_modifier.py:89: Footprint not found
DEBUG: key_placer.py:928: Placing additional elements for MX80
DEBUG: board_modifier.py:132: Getting MX80 footprint position: (342900000, 157162500)
DEBUG: board_modifier.py:84: Searching for optional ST80 footprint in C:/Users/Gauta/OneDrive/Documents/GitHub/modular keeb/modular-keyboard-pcb.kicad_pcb
DEBUG: board_modifier.py:89: Footprint not found
DEBUG: key_placer.py:928: Placing additional elements for MX50
DEBUG: board_modifier.py:132: Getting MX50 footprint position: (204787500, 119062500)
DEBUG: board_modifier.py:84: Searching for optional ST50 footprint in C:/Users/Gauta/OneDrive/Documents/GitHub/modular keeb/modular-keyboard-pcb.kicad_pcb
DEBUG: board_modifier.py:89: Footprint not found
DEBUG: key_placer.py:928: Placing additional elements for MX64
DEBUG: board_modifier.py:132: Getting MX64 footprint position: (214312500, 138112500)
DEBUG: board_modifier.py:84: Searching for optional ST64 footprint in C:/Users/Gauta/OneDrive/Documents/GitHub/modular keeb/modular-keyboard-pcb.kicad_pcb
DEBUG: board_modifier.py:89: Footprint not found
DEBUG: key_placer.py:928: Placing additional elements for MX45
DEBUG: board_modifier.py:132: Getting MX45 footprint position: (414337500, 100012500)
DEBUG: board_modifier.py:84: Searching for optional ST45 footprint in C:/Users/Gauta/OneDrive/Documents/GitHub/modular keeb/modular-keyboard-pcb.kicad_pcb
DEBUG: board_modifier.py:89: Footprint not found
DEBUG: key_placer.py:928: Placing additional elements for MX43
DEBUG: board_modifier.py:132: Getting MX43 footprint position: (352425000, 100012500)
DEBUG: board_modifier.py:84: Searching for optional ST43 footprint in C:/Users/Gauta/OneDrive/Documents/GitHub/modular keeb/modular-keyboard-pcb.kicad_pcb
DEBUG: board_modifier.py:89: Footprint not found
DEBUG: key_placer.py:928: Placing additional elements for MX6
DEBUG: board_modifier.py:132: Getting MX6 footprint position: (214312500, 57150000)
DEBUG: board_modifier.py:84: Searching for optional ST6 footprint in C:/Users/Gauta/OneDrive/Documents/GitHub/modular keeb/modular-keyboard-pcb.kicad_pcb
DEBUG: board_modifier.py:89: Footprint not found
DEBUG: key_placer.py:928: Placing additional elements for MX72
DEBUG: board_modifier.py:132: Getting MX72 footprint position: (414337500, 138112500)
DEBUG: board_modifier.py:84: Searching for optional ST72 footprint in C:/Users/Gauta/OneDrive/Documents/GitHub/modular keeb/modular-keyboard-pcb.kicad_pcb
DEBUG: board_modifier.py:89: Footprint not found
DEBUG: key_placer.py:928: Placing additional elements for MX41
DEBUG: board_modifier.py:132: Getting MX41 footprint position: (314325000, 100012500)
DEBUG: board_modifier.py:84: Searching for optional ST41 footprint in C:/Users/Gauta/OneDrive/Documents/GitHub/modular keeb/modular-keyboard-pcb.kicad_pcb
DEBUG: board_modifier.py:89: Footprint not found
DEBUG: key_placer.py:928: Placing additional elements for MX59
DEBUG: board_modifier.py:132: Getting MX59 footprint position: (414337500, 119062500)
DEBUG: board_modifier.py:84: Searching for optional ST59 footprint in C:/Users/Gauta/OneDrive/Documents/GitHub/modular keeb/modular-keyboard-pcb.kicad_pcb
DEBUG: board_modifier.py:89: Footprint not found
DEBUG: key_placer.py:928: Placing additional elements for MX77
DEBUG: board_modifier.py:132: Getting MX77 footprint position: (235743750, 157162500)
DEBUG: board_modifier.py:84: Searching for optional ST77 footprint in C:/Users/Gauta/OneDrive/Documents/GitHub/modular keeb/modular-keyboard-pcb.kicad_pcb
DEBUG: board_modifier.py:89: Footprint not found
DEBUG: key_placer.py:928: Placing additional elements for MX34
DEBUG: board_modifier.py:132: Getting MX34 footprint position: (180975000, 100012500)
DEBUG: board_modifier.py:84: Searching for optional ST34 footprint in C:/Users/Gauta/OneDrive/Documents/GitHub/modular keeb/modular-keyboard-pcb.kicad_pcb
DEBUG: board_modifier.py:89: Footprint not found
DEBUG: key_placer.py:928: Placing additional elements for MX68
DEBUG: board_modifier.py:132: Getting MX68 footprint position: (290512500, 138112500)
DEBUG: board_modifier.py:84: Searching for optional ST68 footprint in C:/Users/Gauta/OneDrive/Documents/GitHub/modular keeb/modular-keyboard-pcb.kicad_pcb
DEBUG: board_modifier.py:89: Footprint not found
DEBUG: key_placer.py:928: Placing additional elements for MX24
DEBUG: board_modifier.py:132: Getting MX24 footprint position: (266700000, 80962500)
DEBUG: board_modifier.py:84: Searching for optional ST24 footprint in C:/Users/Gauta/OneDrive/Documents/GitHub/modular keeb/modular-keyboard-pcb.kicad_pcb
DEBUG: board_modifier.py:89: Footprint not found
DEBUG: key_placer.py:928: Placing additional elements for MX13
DEBUG: board_modifier.py:132: Getting MX13 footprint position: (352425000, 57150000)
DEBUG: board_modifier.py:84: Searching for optional ST13 footprint in C:/Users/Gauta/OneDrive/Documents/GitHub/modular keeb/modular-keyboard-pcb.kicad_pcb
DEBUG: board_modifier.py:89: Footprint not found
DEBUG: key_placer.py:928: Placing additional elements for MX32
DEBUG: board_modifier.py:132: Getting MX32 footprint position: (142875000, 100012500)
DEBUG: board_modifier.py:84: Searching for optional ST32 footprint in C:/Users/Gauta/OneDrive/Documents/GitHub/modular keeb/modular-keyboard-pcb.kicad_pcb
DEBUG: board_modifier.py:89: Footprint not found
DEBUG: key_placer.py:928: Placing additional elements for MX75
DEBUG: board_modifier.py:132: Getting MX75 footprint position: (140493750, 157162500)
DEBUG: board_modifier.py:84: Searching for optional ST75 footprint in C:/Users/Gauta/OneDrive/Documents/GitHub/modular keeb/modular-keyboard-pcb.kicad_pcb
DEBUG: board_modifier.py:89: Footprint not found
DEBUG: key_placer.py:928: Placing additional elements for MX10
DEBUG: board_modifier.py:132: Getting MX10 footprint position: (295275000, 57150000)
DEBUG: board_modifier.py:84: Searching for optional ST10 footprint in C:/Users/Gauta/OneDrive/Documents/GitHub/modular keeb/modular-keyboard-pcb.kicad_pcb
DEBUG: board_modifier.py:89: Footprint not found
DEBUG: key_placer.py:928: Placing additional elements for MX74
DEBUG: board_modifier.py:132: Getting MX74 footprint position: (116681250, 157162500)
DEBUG: board_modifier.py:84: Searching for optional ST74 footprint in C:/Users/Gauta/OneDrive/Documents/GitHub/modular keeb/modular-keyboard-pcb.kicad_pcb
DEBUG: board_modifier.py:89: Footprint not found
DEBUG: key_placer.py:928: Placing additional elements for MX61
DEBUG: board_modifier.py:132: Getting MX61 footprint position: (157162500, 138112500)
DEBUG: board_modifier.py:84: Searching for optional ST61 footprint in C:/Users/Gauta/OneDrive/Documents/GitHub/modular keeb/modular-keyboard-pcb.kicad_pcb
DEBUG: board_modifier.py:89: Footprint not found
INFO: key_placer.py:483: Routing MX22 with D22
INFO: key_placer.py:485: Using internal autorouter method
DEBUG: board_modifier.py:578: Routing at B.Cu layer
DEBUG: board_modifier.py:595: Netclass: Default, track width: 254000
DEBUG: board_modifier.py:658: Routing pad 'MX22:2' at (226060000, 75882500) with pad 'D22:1' at (233680000, 83312500) using coordinate system rotated by 0 degree(s)
INFO: board_modifier.py:494: Adding track segment (B.Cu): [(226060000, 75882500), (226250000, 75882500)]
INFO: board_modifier.py:499: Track added
INFO: board_modifier.py:494: Adding track segment (B.Cu): [(226250000, 75882500), (233680000, 83312500)]
DEBUG: board_modifier.py:504: Could not add track segment due to detected collision
INFO: board_modifier.py:494: Adding track segment (B.Cu): [(226060000, 75882500), (233490000, 83312500)]
DEBUG: board_modifier.py:504: Could not add track segment due to detected collision
INFO: key_placer.py:483: Routing MX48 with D48
INFO: key_placer.py:485: Using internal autorouter method
DEBUG: board_modifier.py:578: Routing at B.Cu layer
DEBUG: board_modifier.py:595: Netclass: Default, track width: 254000
DEBUG: board_modifier.py:658: Routing pad 'MX48:2' at (164147500, 113982500) with pad 'D48:1' at (171767500, 121412500) using coordinate system rotated by 0 degree(s)
INFO: board_modifier.py:494: Adding track segment (B.Cu): [(164147500, 113982500), (164337500, 113982500)]
INFO: board_modifier.py:499: Track added
INFO: board_modifier.py:494: Adding track segment (B.Cu): [(164337500, 113982500), (171767500, 121412500)]
DEBUG: board_modifier.py:504: Could not add track segment due to detected collision
INFO: board_modifier.py:494: Adding track segment (B.Cu): [(164147500, 113982500), (171577500, 121412500)]
DEBUG: board_modifier.py:504: Could not add track segment due to detected collision
INFO: key_placer.py:483: Routing MX67 with D67
INFO: key_placer.py:485: Using internal autorouter method
DEBUG: board_modifier.py:578: Routing at B.Cu layer
DEBUG: board_modifier.py:595: Netclass: Default, track width: 254000
DEBUG: board_modifier.py:658: Routing pad 'MX67:2' at (268922500, 133032500) with pad 'D67:2' at (276542500, 140462500) using coordinate system rotated by 0 degree(s)
INFO: board_modifier.py:494: Adding track segment (B.Cu): [(268922500, 133032500), (269112500, 133032500)]
INFO: board_modifier.py:499: Track added
INFO: board_modifier.py:494: Adding track segment (B.Cu): [(269112500, 133032500), (276542500, 140462500)]
DEBUG: board_modifier.py:504: Could not add track segment due to detected collision
INFO: board_modifier.py:494: Adding track segment (B.Cu): [(268922500, 133032500), (276352500, 140462500)]
DEBUG: board_modifier.py:504: Could not add track segment due to detected collision
INFO: key_placer.py:483: Routing MX36 with D36
INFO: key_placer.py:485: Using internal autorouter method
DEBUG: board_modifier.py:578: Routing at B.Cu layer
DEBUG: board_modifier.py:595: Netclass: Default, track width: 254000
DEBUG: board_modifier.py:658: Routing pad 'MX36:2' at (216535000, 94932500) with pad 'D36:2' at (224155000, 102362500) using coordinate system rotated by 0 degree(s)
INFO: board_modifier.py:494: Adding track segment (B.Cu): [(216535000, 94932500), (216725000, 94932500)]
INFO: board_modifier.py:499: Track added
INFO: board_modifier.py:494: Adding track segment (B.Cu): [(216725000, 94932500), (224155000, 102362500)]
DEBUG: board_modifier.py:504: Could not add track segment due to detected collision
INFO: board_modifier.py:494: Adding track segment (B.Cu): [(216535000, 94932500), (223965000, 102362500)]
DEBUG: board_modifier.py:504: Could not add track segment due to detected collision
INFO: key_placer.py:483: Routing MX7 with D7
INFO: key_placer.py:485: Using internal autorouter method
DEBUG: board_modifier.py:578: Routing at B.Cu layer
DEBUG: board_modifier.py:595: Netclass: Default, track width: 254000
DEBUG: board_modifier.py:658: Routing pad 'MX7:2' at (230822500, 52070000) with pad 'D7:1' at (238442500, 59500000) using coordinate system rotated by 0 degree(s)
INFO: board_modifier.py:494: Adding track segment (B.Cu): [(230822500, 52070000), (231012500, 52070000)]
INFO: board_modifier.py:499: Track added
INFO: board_modifier.py:494: Adding track segment (B.Cu): [(231012500, 52070000), (238442500, 59500000)]
DEBUG: board_modifier.py:504: Could not add track segment due to detected collision
INFO: board_modifier.py:494: Adding track segment (B.Cu): [(230822500, 52070000), (238252500, 59500000)]
DEBUG: board_modifier.py:504: Could not add track segment due to detected collision
INFO: key_placer.py:483: Routing MX81 with D81
INFO: key_placer.py:485: Using internal autorouter method
DEBUG: board_modifier.py:578: Routing at B.Cu layer
DEBUG: board_modifier.py:595: Netclass: Default, track width: 254000
DEBUG: board_modifier.py:658: Routing pad 'MX81:2' at (366553750, 156845000) with pad 'D81:2' at (374173750, 164275000) using coordinate system rotated by 0 degree(s)
INFO: board_modifier.py:494: Adding track segment (B.Cu): [(366553750, 156845000), (366743750, 156845000)]
INFO: board_modifier.py:499: Track added
INFO: board_modifier.py:494: Adding track segment (B.Cu): [(366743750, 156845000), (374173750, 164275000)]
DEBUG: board_modifier.py:504: Could not add track segment due to detected collision
INFO: board_modifier.py:494: Adding track segment (B.Cu): [(366553750, 156845000), (373983750, 164275000)]
DEBUG: board_modifier.py:504: Could not add track segment due to detected collision
INFO: key_placer.py:483: Routing MX79 with D79
INFO: key_placer.py:485: Using internal autorouter method
DEBUG: board_modifier.py:578: Routing at B.Cu layer
DEBUG: board_modifier.py:595: Netclass: Default, track width: 254000
DEBUG: board_modifier.py:658: Routing pad 'MX79:2' at (321310000, 152082500) with pad 'D79:2' at (328930000, 159512500) using coordinate system rotated by 0 degree(s)
INFO: board_modifier.py:494: Adding track segment (B.Cu): [(321310000, 152082500), (321500000, 152082500)]
INFO: board_modifier.py:499: Track added
INFO: board_modifier.py:494: Adding track segment (B.Cu): [(321500000, 152082500), (328930000, 159512500)]
DEBUG: board_modifier.py:504: Could not add track segment due to detected collision
INFO: board_modifier.py:494: Adding track segment (B.Cu): [(321310000, 152082500), (328740000, 159512500)]
DEBUG: board_modifier.py:504: Could not add track segment due to detected collision
INFO: key_placer.py:483: Routing MX37 with D37
INFO: key_placer.py:485: Using internal autorouter method
DEBUG: board_modifier.py:578: Routing at B.Cu layer
DEBUG: board_modifier.py:595: Netclass: Default, track width: 254000
DEBUG: board_modifier.py:658: Routing pad 'MX37:2' at (235585000, 94932500) with pad 'D37:1' at (243205000, 102362500) using coordinate system rotated by 0 degree(s)
INFO: board_modifier.py:494: Adding track segment (B.Cu): [(235585000, 94932500), (235775000, 94932500)]
INFO: board_modifier.py:499: Track added
INFO: board_modifier.py:494: Adding track segment (B.Cu): [(235775000, 94932500), (243205000, 102362500)]
DEBUG: board_modifier.py:504: Could not add track segment due to detected collision
INFO: board_modifier.py:494: Adding track segment (B.Cu): [(235585000, 94932500), (243015000, 102362500)]
DEBUG: board_modifier.py:504: Could not add track segment due to detected collision
INFO: key_placer.py:483: Routing MX20 with D20
INFO: key_placer.py:485: Using internal autorouter method
DEBUG: board_modifier.py:578: Routing at B.Cu layer
DEBUG: board_modifier.py:595: Netclass: Default, track width: 254000
DEBUG: board_modifier.py:658: Routing pad 'MX20:2' at (187960000, 75882500) with pad 'D20:1' at (195580000, 83312500) using coordinate system rotated by 0 degree(s)
INFO: board_modifier.py:494: Adding track segment (B.Cu): [(187960000, 75882500), (188150000, 75882500)]
INFO: board_modifier.py:499: Track added
INFO: board_modifier.py:494: Adding track segment (B.Cu): [(188150000, 75882500), (195580000, 83312500)]
DEBUG: board_modifier.py:504: Could not add track segment due to detected collision
INFO: board_modifier.py:494: Adding track segment (B.Cu): [(187960000, 75882500), (195390000, 83312500)]
DEBUG: board_modifier.py:504: Could not add track segment due to detected collision
INFO: key_placer.py:483: Routing MX42 with D42
INFO: key_placer.py:485: Using internal autorouter method
DEBUG: board_modifier.py:578: Routing at B.Cu layer
DEBUG: board_modifier.py:595: Netclass: Default, track width: 254000
DEBUG: board_modifier.py:658: Routing pad 'MX42:2' at (330835000, 94932500) with pad 'D42:2' at (338455000, 102362500) using coordinate system rotated by 0 degree(s)
INFO: board_modifier.py:494: Adding track segment (B.Cu): [(330835000, 94932500), (331025000, 94932500)]
INFO: board_modifier.py:499: Track added
INFO: board_modifier.py:494: Adding track segment (B.Cu): [(331025000, 94932500), (338455000, 102362500)]
DEBUG: board_modifier.py:504: Could not add track segment due to detected collision
INFO: board_modifier.py:494: Adding track segment (B.Cu): [(330835000, 94932500), (338265000, 102362500)]
DEBUG: board_modifier.py:504: Could not add track segment due to detected collision
INFO: key_placer.py:483: Routing MX5 with D5
INFO: key_placer.py:485: Using internal autorouter method
DEBUG: board_modifier.py:578: Routing at B.Cu layer
DEBUG: board_modifier.py:595: Netclass: Default, track width: 254000
DEBUG: board_modifier.py:658: Routing pad 'MX5:2' at (192722500, 52070000) with pad 'D5:1' at (200342500, 59500000) using coordinate system rotated by 0 degree(s)
INFO: board_modifier.py:494: Adding track segment (B.Cu): [(192722500, 52070000), (192912500, 52070000)]
INFO: board_modifier.py:499: Track added
INFO: board_modifier.py:494: Adding track segment (B.Cu): [(192912500, 52070000), (200342500, 59500000)]
DEBUG: board_modifier.py:504: Could not add track segment due to detected collision
INFO: board_modifier.py:494: Adding track segment (B.Cu): [(192722500, 52070000), (200152500, 59500000)]
DEBUG: board_modifier.py:504: Could not add track segment due to detected collision
INFO: key_placer.py:483: Routing MX27 with D27
INFO: key_placer.py:485: Using internal autorouter method
DEBUG: board_modifier.py:578: Routing at B.Cu layer
DEBUG: board_modifier.py:595: Netclass: Default, track width: 254000
DEBUG: board_modifier.py:658: Routing pad 'MX27:2' at (321310000, 75882500) with pad 'D27:2' at (328930000, 83312500) using coordinate system rotated by 0 degree(s)
INFO: board_modifier.py:494: Adding track segment (B.Cu): [(321310000, 75882500), (321500000, 75882500)]
INFO: board_modifier.py:499: Track added
INFO: board_modifier.py:494: Adding track segment (B.Cu): [(321500000, 75882500), (328930000, 83312500)]
DEBUG: board_modifier.py:504: Could not add track segment due to detected collision
INFO: board_modifier.py:494: Adding track segment (B.Cu): [(321310000, 75882500), (328740000, 83312500)]
DEBUG: board_modifier.py:504: Could not add track segment due to detected collision
INFO: key_placer.py:483: Routing MX46 with D46
INFO: key_placer.py:485: Using internal autorouter method
DEBUG: board_modifier.py:578: Routing at B.Cu layer
DEBUG: board_modifier.py:595: Netclass: Default, track width: 254000
DEBUG: board_modifier.py:658: Routing pad 'MX46:2' at (118903750, 113982500) with pad 'D46:1' at (126523750, 121412500) using coordinate system rotated by 0 degree(s)
INFO: board_modifier.py:494: Adding track segment (B.Cu): [(118903750, 113982500), (119093750, 113982500)]
INFO: board_modifier.py:499: Track added
INFO: board_modifier.py:494: Adding track segment (B.Cu): [(119093750, 113982500), (126523750, 121412500)]
DEBUG: board_modifier.py:504: Could not add track segment due to detected collision
INFO: board_modifier.py:494: Adding track segment (B.Cu): [(118903750, 113982500), (126333750, 121412500)]
DEBUG: board_modifier.py:504: Could not add track segment due to detected collision
INFO: key_placer.py:483: Routing MX14 with D14
INFO: key_placer.py:485: Using internal autorouter method
DEBUG: board_modifier.py:578: Routing at B.Cu layer
DEBUG: board_modifier.py:595: Netclass: Default, track width: 254000
DEBUG: board_modifier.py:658: Routing pad 'MX14:2' at (368935000, 52070000) with pad 'D14:2' at (376555000, 59500000) using coordinate system rotated by 0 degree(s)
INFO: board_modifier.py:494: Adding track segment (B.Cu): [(368935000, 52070000), (369125000, 52070000)]
INFO: board_modifier.py:499: Track added
INFO: board_modifier.py:494: Adding track segment (B.Cu): [(369125000, 52070000), (376555000, 59500000)]
DEBUG: board_modifier.py:504: Could not add track segment due to detected collision
INFO: board_modifier.py:494: Adding track segment (B.Cu): [(368935000, 52070000), (376365000, 59500000)]
DEBUG: board_modifier.py:504: Could not add track segment due to detected collision
INFO: key_placer.py:483: Routing MX16 with D16
INFO: key_placer.py:485: Using internal autorouter method
DEBUG: board_modifier.py:578: Routing at B.Cu layer
DEBUG: board_modifier.py:595: Netclass: Default, track width: 254000
DEBUG: board_modifier.py:658: Routing pad 'MX16:2' at (111760000, 75882500) with pad 'D16:1' at (119380000, 83312500) using coordinate system rotated by 0 degree(s)
INFO: board_modifier.py:494: Adding track segment (B.Cu): [(111760000, 75882500), (111950000, 75882500)]
INFO: board_modifier.py:499: Track added
INFO: board_modifier.py:494: Adding track segment (B.Cu): [(111950000, 75882500), (119380000, 83312500)]
DEBUG: board_modifier.py:504: Could not add track segment due to detected collision
INFO: board_modifier.py:494: Adding track segment (B.Cu): [(111760000, 75882500), (119190000, 83312500)]
DEBUG: board_modifier.py:504: Could not add track segment due to detected collision
INFO: key_placer.py:483: Routing MX53 with D53
INFO: key_placer.py:485: Using internal autorouter method
DEBUG: board_modifier.py:578: Routing at B.Cu layer
DEBUG: board_modifier.py:595: Netclass: Default, track width: 254000
DEBUG: board_modifier.py:658: Routing pad 'MX53:2' at (259397500, 113982500) with pad 'D53:2' at (267017500, 121412500) using coordinate system rotated by 0 degree(s)
INFO: board_modifier.py:494: Adding track segment (B.Cu): [(259397500, 113982500), (259587500, 113982500)]
INFO: board_modifier.py:499: Track added
INFO: board_modifier.py:494: Adding track segment (B.Cu): [(259587500, 113982500), (267017500, 121412500)]
DEBUG: board_modifier.py:504: Could not add track segment due to detected collision
INFO: board_modifier.py:494: Adding track segment (B.Cu): [(259397500, 113982500), (266827500, 121412500)]
DEBUG: board_modifier.py:504: Could not add track segment due to detected collision
INFO: key_placer.py:483: Routing MX62 with D62
INFO: key_placer.py:485: Using internal autorouter method
DEBUG: board_modifier.py:578: Routing at B.Cu layer
DEBUG: board_modifier.py:595: Netclass: Default, track width: 254000
DEBUG: board_modifier.py:658: Routing pad 'MX62:2' at (173672500, 133032500) with pad 'D62:1' at (181292500, 140462500) using coordinate system rotated by 0 degree(s)
INFO: board_modifier.py:494: Adding track segment (B.Cu): [(173672500, 133032500), (173862500, 133032500)]
INFO: board_modifier.py:499: Track added
INFO: board_modifier.py:494: Adding track segment (B.Cu): [(173862500, 133032500), (181292500, 140462500)]
DEBUG: board_modifier.py:504: Could not add track segment due to detected collision
INFO: board_modifier.py:494: Adding track segment (B.Cu): [(173672500, 133032500), (181102500, 140462500)]
DEBUG: board_modifier.py:504: Could not add track segment due to detected collision
INFO: key_placer.py:483: Routing MX82 with D82
INFO: key_placer.py:485: Using internal autorouter method
DEBUG: board_modifier.py:578: Routing at B.Cu layer
DEBUG: board_modifier.py:595: Netclass: Default, track width: 254000
DEBUG: board_modifier.py:658: Routing pad 'MX82:2' at (385603750, 156845000) with pad 'D82:1' at (393223750, 164275000) using coordinate system rotated by 0 degree(s)
INFO: board_modifier.py:494: Adding track segment (B.Cu): [(385603750, 156845000), (385793750, 156845000)]
INFO: board_modifier.py:499: Track added
INFO: board_modifier.py:494: Adding track segment (B.Cu): [(385793750, 156845000), (393223750, 164275000)]
DEBUG: board_modifier.py:504: Could not add track segment due to detected collision
INFO: board_modifier.py:494: Adding track segment (B.Cu): [(385603750, 156845000), (393033750, 164275000)]
DEBUG: board_modifier.py:504: Could not add track segment due to detected collision
INFO: key_placer.py:483: Routing MX54 with D54
INFO: key_placer.py:485: Using internal autorouter method
DEBUG: board_modifier.py:578: Routing at B.Cu layer
DEBUG: board_modifier.py:595: Netclass: Default, track width: 254000
DEBUG: board_modifier.py:658: Routing pad 'MX54:2' at (278447500, 113982500) with pad 'D54:1' at (286067500, 121412500) using coordinate system rotated by 0 degree(s)
INFO: board_modifier.py:494: Adding track segment (B.Cu): [(278447500, 113982500), (278637500, 113982500)]
INFO: board_modifier.py:499: Track added
INFO: board_modifier.py:494: Adding track segment (B.Cu): [(278637500, 113982500), (286067500, 121412500)]
DEBUG: board_modifier.py:504: Could not add track segment due to detected collision
INFO: board_modifier.py:494: Adding track segment (B.Cu): [(278447500, 113982500), (285877500, 121412500)]
DEBUG: board_modifier.py:504: Could not add track segment due to detected collision
INFO: key_placer.py:483: Routing MX28 with D28
INFO: key_placer.py:485: Using internal autorouter method
DEBUG: board_modifier.py:578: Routing at B.Cu layer
DEBUG: board_modifier.py:595: Netclass: Default, track width: 254000
DEBUG: board_modifier.py:658: Routing pad 'MX28:2' at (340360000, 75882500) with pad 'D28:1' at (347980000, 83312500) using coordinate system rotated by 0 degree(s)
INFO: board_modifier.py:494: Adding track segment (B.Cu): [(340360000, 75882500), (340550000, 75882500)]
INFO: board_modifier.py:499: Track added
INFO: board_modifier.py:494: Adding track segment (B.Cu): [(340550000, 75882500), (347980000, 83312500)]
DEBUG: board_modifier.py:504: Could not add track segment due to detected collision
INFO: board_modifier.py:494: Adding track segment (B.Cu): [(340360000, 75882500), (347790000, 83312500)]
DEBUG: board_modifier.py:504: Could not add track segment due to detected collision
INFO: key_placer.py:483: Routing MX15 with D15
INFO: key_placer.py:485: Using internal autorouter method
DEBUG: board_modifier.py:578: Routing at B.Cu layer
DEBUG: board_modifier.py:595: Netclass: Default, track width: 254000
DEBUG: board_modifier.py:658: Routing pad 'MX15:2' at (411797500, 52070000) with pad 'D15:2' at (419417500, 59500000) using coordinate system rotated by 0 degree(s)
INFO: board_modifier.py:494: Adding track segment (B.Cu): [(411797500, 52070000), (411987500, 52070000)]
INFO: board_modifier.py:499: Track added
INFO: board_modifier.py:494: Adding track segment (B.Cu): [(411987500, 52070000), (419417500, 59500000)]
DEBUG: board_modifier.py:504: Could not add track segment due to detected collision
INFO: board_modifier.py:494: Adding track segment (B.Cu): [(411797500, 52070000), (419227500, 59500000)]
DEBUG: board_modifier.py:504: Could not add track segment due to detected collision
INFO: key_placer.py:483: Routing MX31 with D31
INFO: key_placer.py:485: Using internal autorouter method
DEBUG: board_modifier.py:578: Routing at B.Cu layer
DEBUG: board_modifier.py:595: Netclass: Default, track width: 254000
DEBUG: board_modifier.py:658: Routing pad 'MX31:2' at (116522500, 94932500) with pad 'D31:1' at (124142500, 102362500) using coordinate system rotated by 0 degree(s)
INFO: board_modifier.py:494: Adding track segment (B.Cu): [(116522500, 94932500), (116712500, 94932500)]
INFO: board_modifier.py:499: Track added
INFO: board_modifier.py:494: Adding track segment (B.Cu): [(116712500, 94932500), (124142500, 102362500)]
DEBUG: board_modifier.py:504: Could not add track segment due to detected collision
INFO: board_modifier.py:494: Adding track segment (B.Cu): [(116522500, 94932500), (123952500, 102362500)]
DEBUG: board_modifier.py:504: Could not add track segment due to detected collision
INFO: key_placer.py:483: Routing MX2 with D2
INFO: key_placer.py:485: Using internal autorouter method
DEBUG: board_modifier.py:578: Routing at B.Cu layer
DEBUG: board_modifier.py:595: Netclass: Default, track width: 254000
DEBUG: board_modifier.py:658: Routing pad 'MX2:2' at (135572500, 52070000) with pad 'D2:2' at (143192500, 59500000) using coordinate system rotated by 0 degree(s)
INFO: board_modifier.py:494: Adding track segment (B.Cu): [(135572500, 52070000), (135762500, 52070000)]
INFO: board_modifier.py:499: Track added
INFO: board_modifier.py:494: Adding track segment (B.Cu): [(135762500, 52070000), (143192500, 59500000)]
DEBUG: board_modifier.py:504: Could not add track segment due to detected collision
INFO: board_modifier.py:494: Adding track segment (B.Cu): [(135572500, 52070000), (143002500, 59500000)]
DEBUG: board_modifier.py:504: Could not add track segment due to detected collision
INFO: key_placer.py:483: Routing MX70 with D70
INFO: key_placer.py:485: Using internal autorouter method
DEBUG: board_modifier.py:578: Routing at B.Cu layer
DEBUG: board_modifier.py:595: Netclass: Default, track width: 254000
DEBUG: board_modifier.py:658: Routing pad 'MX70:2' at (326072500, 133032500) with pad 'D70:1' at (333692500, 140462500) using coordinate system rotated by 0 degree(s)
INFO: board_modifier.py:494: Adding track segment (B.Cu): [(326072500, 133032500), (326262500, 133032500)]
INFO: board_modifier.py:499: Track added
INFO: board_modifier.py:494: Adding track segment (B.Cu): [(326262500, 133032500), (333692500, 140462500)]
DEBUG: board_modifier.py:504: Could not add track segment due to detected collision
INFO: board_modifier.py:494: Adding track segment (B.Cu): [(326072500, 133032500), (333502500, 140462500)]
DEBUG: board_modifier.py:504: Could not add track segment due to detected collision
INFO: key_placer.py:483: Routing MX30 with D30
INFO: key_placer.py:485: Using internal autorouter method
DEBUG: board_modifier.py:578: Routing at B.Cu layer
DEBUG: board_modifier.py:595: Netclass: Default, track width: 254000
DEBUG: board_modifier.py:658: Routing pad 'MX30:2' at (411797500, 75882500) with pad 'D30:2' at (419417500, 83312500) using coordinate system rotated by 0 degree(s)
INFO: board_modifier.py:494: Adding track segment (B.Cu): [(411797500, 75882500), (411987500, 75882500)]
INFO: board_modifier.py:499: Track added
INFO: board_modifier.py:494: Adding track segment (B.Cu): [(411987500, 75882500), (419417500, 83312500)]
DEBUG: board_modifier.py:504: Could not add track segment due to detected collision
INFO: board_modifier.py:494: Adding track segment (B.Cu): [(411797500, 75882500), (419227500, 83312500)]
DEBUG: board_modifier.py:504: Could not add track segment due to detected collision
INFO: key_placer.py:483: Routing MX55 with D55
INFO: key_placer.py:485: Using internal autorouter method
DEBUG: board_modifier.py:578: Routing at B.Cu layer
DEBUG: board_modifier.py:595: Netclass: Default, track width: 254000
DEBUG: board_modifier.py:658: Routing pad 'MX55:2' at (297497500, 113982500) with pad 'D55:2' at (305117500, 121412500) using coordinate system rotated by 0 degree(s)
INFO: board_modifier.py:494: Adding track segment (B.Cu): [(297497500, 113982500), (297687500, 113982500)]
INFO: board_modifier.py:499: Track added
INFO: board_modifier.py:494: Adding track segment (B.Cu): [(297687500, 113982500), (305117500, 121412500)]
DEBUG: board_modifier.py:504: Could not add track segment due to detected collision
INFO: board_modifier.py:494: Adding track segment (B.Cu): [(297497500, 113982500), (304927500, 121412500)]
DEBUG: board_modifier.py:504: Could not add track segment due to detected collision
INFO: key_placer.py:483: Routing MX39 with D39
INFO: key_placer.py:485: Using internal autorouter method
DEBUG: board_modifier.py:578: Routing at B.Cu layer
DEBUG: board_modifier.py:595: Netclass: Default, track width: 254000
DEBUG: board_modifier.py:658: Routing pad 'MX39:2' at (273685000, 94932500) with pad 'D39:1' at (281305000, 102362500) using coordinate system rotated by 0 degree(s)
INFO: board_modifier.py:494: Adding track segment (B.Cu): [(273685000, 94932500), (273875000, 94932500)]
INFO: board_modifier.py:499: Track added
INFO: board_modifier.py:494: Adding track segment (B.Cu): [(273875000, 94932500), (281305000, 102362500)]
DEBUG: board_modifier.py:504: Could not add track segment due to detected collision
INFO: board_modifier.py:494: Adding track segment (B.Cu): [(273685000, 94932500), (281115000, 102362500)]
DEBUG: board_modifier.py:504: Could not add track segment due to detected collision
INFO: key_placer.py:483: Routing MX47 with D47
INFO: key_placer.py:485: Using internal autorouter method
DEBUG: board_modifier.py:578: Routing at B.Cu layer
DEBUG: board_modifier.py:595: Netclass: Default, track width: 254000
DEBUG: board_modifier.py:658: Routing pad 'MX47:2' at (145097500, 113982500) with pad 'D47:2' at (152717500, 121412500) using coordinate system rotated by 0 degree(s)
INFO: board_modifier.py:494: Adding track segment (B.Cu): [(145097500, 113982500), (145287500, 113982500)]
INFO: board_modifier.py:499: Track added
INFO: board_modifier.py:494: Adding track segment (B.Cu): [(145287500, 113982500), (152717500, 121412500)]
DEBUG: board_modifier.py:504: Could not add track segment due to detected collision
INFO: board_modifier.py:494: Adding track segment (B.Cu): [(145097500, 113982500), (152527500, 121412500)]
DEBUG: board_modifier.py:504: Could not add track segment due to detected collision
INFO: key_placer.py:483: Routing MX4 with D4
INFO: key_placer.py:485: Using internal autorouter method
DEBUG: board_modifier.py:578: Routing at B.Cu layer
DEBUG: board_modifier.py:595: Netclass: Default, track width: 254000
DEBUG: board_modifier.py:658: Routing pad 'MX4:2' at (173672500, 52070000) with pad 'D4:2' at (181292500, 59500000) using coordinate system rotated by 0 degree(s)
INFO: board_modifier.py:494: Adding track segment (B.Cu): [(173672500, 52070000), (173862500, 52070000)]
INFO: board_modifier.py:499: Track added
INFO: board_modifier.py:494: Adding track segment (B.Cu): [(173862500, 52070000), (181292500, 59500000)]
DEBUG: board_modifier.py:504: Could not add track segment due to detected collision
INFO: board_modifier.py:494: Adding track segment (B.Cu): [(173672500, 52070000), (181102500, 59500000)]
DEBUG: board_modifier.py:504: Could not add track segment due to detected collision
INFO: key_placer.py:483: Routing MX9 with D9
INFO: key_placer.py:485: Using internal autorouter method
DEBUG: board_modifier.py:578: Routing at B.Cu layer
DEBUG: board_modifier.py:595: Netclass: Default, track width: 254000
DEBUG: board_modifier.py:658: Routing pad 'MX9:2' at (273685000, 52070000) with pad 'D9:1' at (281305000, 59500000) using coordinate system rotated by 0 degree(s)
INFO: board_modifier.py:494: Adding track segment (B.Cu): [(273685000, 52070000), (273875000, 52070000)]
INFO: board_modifier.py:499: Track added
INFO: board_modifier.py:494: Adding track segment (B.Cu): [(273875000, 52070000), (281305000, 59500000)]
DEBUG: board_modifier.py:504: Could not add track segment due to detected collision
INFO: board_modifier.py:494: Adding track segment (B.Cu): [(273685000, 52070000), (281115000, 59500000)]
DEBUG: board_modifier.py:504: Could not add track segment due to detected collision
INFO: key_placer.py:483: Routing MX52 with D52
INFO: key_placer.py:485: Using internal autorouter method
DEBUG: board_modifier.py:578: Routing at B.Cu layer
DEBUG: board_modifier.py:595: Netclass: Default, track width: 254000
DEBUG: board_modifier.py:658: Routing pad 'MX52:2' at (240347500, 113982500) with pad 'D52:1' at (247967500, 121412500) using coordinate system rotated by 0 degree(s)
INFO: board_modifier.py:494: Adding track segment (B.Cu): [(240347500, 113982500), (240537500, 113982500)]
INFO: board_modifier.py:499: Track added
INFO: board_modifier.py:494: Adding track segment (B.Cu): [(240537500, 113982500), (247967500, 121412500)]
DEBUG: board_modifier.py:504: Could not add track segment due to detected collision
INFO: board_modifier.py:494: Adding track segment (B.Cu): [(240347500, 113982500), (247777500, 121412500)]
DEBUG: board_modifier.py:504: Could not add track segment due to detected collision
INFO: key_placer.py:483: Routing MX23 with D23
INFO: key_placer.py:485: Using internal autorouter method
DEBUG: board_modifier.py:578: Routing at B.Cu layer
DEBUG: board_modifier.py:595: Netclass: Default, track width: 254000
DEBUG: board_modifier.py:658: Routing pad 'MX23:2' at (245110000, 75882500) with pad 'D23:2' at (252730000, 83312500) using coordinate system rotated by 0 degree(s)
INFO: board_modifier.py:494: Adding track segment (B.Cu): [(245110000, 75882500), (245300000, 75882500)]
INFO: board_modifier.py:499: Track added
INFO: board_modifier.py:494: Adding track segment (B.Cu): [(245300000, 75882500), (252730000, 83312500)]
DEBUG: board_modifier.py:504: Could not add track segment due to detected collision
INFO: board_modifier.py:494: Adding track segment (B.Cu): [(245110000, 75882500), (252540000, 83312500)]
DEBUG: board_modifier.py:504: Could not add track segment due to detected collision
INFO: key_placer.py:483: Routing MX44 with D44
INFO: key_placer.py:485: Using internal autorouter method
DEBUG: board_modifier.py:578: Routing at B.Cu layer
DEBUG: board_modifier.py:595: Netclass: Default, track width: 254000
DEBUG: board_modifier.py:658: Routing pad 'MX44:2' at (373697500, 94932500) with pad 'D44:2' at (381317500, 102362500) using coordinate system rotated by 0 degree(s)
INFO: board_modifier.py:494: Adding track segment (B.Cu): [(373697500, 94932500), (373887500, 94932500)]
INFO: board_modifier.py:499: Track added
INFO: board_modifier.py:494: Adding track segment (B.Cu): [(373887500, 94932500), (381317500, 102362500)]
DEBUG: board_modifier.py:504: Could not add track segment due to detected collision
INFO: board_modifier.py:494: Adding track segment (B.Cu): [(373697500, 94932500), (381127500, 102362500)]
DEBUG: board_modifier.py:504: Could not add track segment due to detected collision
INFO: key_placer.py:483: Routing MX8 with D8
INFO: key_placer.py:485: Using internal autorouter method
DEBUG: board_modifier.py:578: Routing at B.Cu layer
DEBUG: board_modifier.py:595: Netclass: Default, track width: 254000
DEBUG: board_modifier.py:658: Routing pad 'MX8:2' at (254635000, 52070000) with pad 'D8:2' at (262255000, 59500000) using coordinate system rotated by 0 degree(s)
INFO: board_modifier.py:494: Adding track segment (B.Cu): [(254635000, 52070000), (254825000, 52070000)]
INFO: board_modifier.py:499: Track added
INFO: board_modifier.py:494: Adding track segment (B.Cu): [(254825000, 52070000), (262255000, 59500000)]
DEBUG: board_modifier.py:504: Could not add track segment due to detected collision
INFO: board_modifier.py:494: Adding track segment (B.Cu): [(254635000, 52070000), (262065000, 59500000)]
DEBUG: board_modifier.py:504: Could not add track segment due to detected collision
INFO: key_placer.py:483: Routing MX19 with D19
INFO: key_placer.py:485: Using internal autorouter method
DEBUG: board_modifier.py:578: Routing at B.Cu layer
DEBUG: board_modifier.py:595: Netclass: Default, track width: 254000
DEBUG: board_modifier.py:658: Routing pad 'MX19:2' at (168910000, 75882500) with pad 'D19:2' at (176530000, 83312500) using coordinate system rotated by 0 degree(s)
INFO: board_modifier.py:494: Adding track segment (B.Cu): [(168910000, 75882500), (169100000, 75882500)]
INFO: board_modifier.py:499: Track added
INFO: board_modifier.py:494: Adding track segment (B.Cu): [(169100000, 75882500), (176530000, 83312500)]
DEBUG: board_modifier.py:504: Could not add track segment due to detected collision
INFO: board_modifier.py:494: Adding track segment (B.Cu): [(168910000, 75882500), (176340000, 83312500)]
DEBUG: board_modifier.py:504: Could not add track segment due to detected collision
INFO: key_placer.py:483: Routing MX25 with D25
INFO: key_placer.py:485: Using internal autorouter method
DEBUG: board_modifier.py:578: Routing at B.Cu layer
DEBUG: board_modifier.py:595: Netclass: Default, track width: 254000
DEBUG: board_modifier.py:658: Routing pad 'MX25:2' at (283210000, 75882500) with pad 'D25:2' at (290830000, 83312500) using coordinate system rotated by 0 degree(s)
INFO: board_modifier.py:494: Adding track segment (B.Cu): [(283210000, 75882500), (283400000, 75882500)]
INFO: board_modifier.py:499: Track added
INFO: board_modifier.py:494: Adding track segment (B.Cu): [(283400000, 75882500), (290830000, 83312500)]
DEBUG: board_modifier.py:504: Could not add track segment due to detected collision
INFO: board_modifier.py:494: Adding track segment (B.Cu): [(283210000, 75882500), (290640000, 83312500)]
DEBUG: board_modifier.py:504: Could not add track segment due to detected collision
INFO: key_placer.py:483: Routing MX71 with D71
INFO: key_placer.py:485: Using internal autorouter method
DEBUG: board_modifier.py:578: Routing at B.Cu layer
DEBUG: board_modifier.py:595: Netclass: Default, track width: 254000
DEBUG: board_modifier.py:658: Routing pad 'MX71:2' at (352266250, 133032500) with pad 'D71:2' at (359886250, 140462500) using coordinate system rotated by 0 degree(s)
INFO: board_modifier.py:494: Adding track segment (B.Cu): [(352266250, 133032500), (352456250, 133032500)]
INFO: board_modifier.py:499: Track added
INFO: board_modifier.py:494: Adding track segment (B.Cu): [(352456250, 133032500), (359886250, 140462500)]
DEBUG: board_modifier.py:504: Could not add track segment due to detected collision
INFO: board_modifier.py:494: Adding track segment (B.Cu): [(352266250, 133032500), (359696250, 140462500)]
DEBUG: board_modifier.py:504: Could not add track segment due to detected collision
INFO: key_placer.py:483: Routing MX69 with D69
INFO: key_placer.py:485: Using internal autorouter method
DEBUG: board_modifier.py:578: Routing at B.Cu layer
DEBUG: board_modifier.py:595: Netclass: Default, track width: 254000
DEBUG: board_modifier.py:658: Routing pad 'MX69:2' at (307022500, 133032500) with pad 'D69:2' at (314642500, 140462500) using coordinate system rotated by 0 degree(s)
INFO: board_modifier.py:494: Adding track segment (B.Cu): [(307022500, 133032500), (307212500, 133032500)]
INFO: board_modifier.py:499: Track added
INFO: board_modifier.py:494: Adding track segment (B.Cu): [(307212500, 133032500), (314642500, 140462500)]
DEBUG: board_modifier.py:504: Could not add track segment due to detected collision
INFO: board_modifier.py:494: Adding track segment (B.Cu): [(307022500, 133032500), (314452500, 140462500)]
DEBUG: board_modifier.py:504: Could not add track segment due to detected collision
INFO: key_placer.py:483: Routing MX51 with D51
INFO: key_placer.py:485: Using internal autorouter method
DEBUG: board_modifier.py:578: Routing at B.Cu layer
DEBUG: board_modifier.py:595: Netclass: Default, track width: 254000
DEBUG: board_modifier.py:658: Routing pad 'MX51:2' at (221297500, 113982500) with pad 'D51:2' at (228917500, 121412500) using coordinate system rotated by 0 degree(s)
INFO: board_modifier.py:494: Adding track segment (B.Cu): [(221297500, 113982500), (221487500, 113982500)]
INFO: board_modifier.py:499: Track added
INFO: board_modifier.py:494: Adding track segment (B.Cu): [(221487500, 113982500), (228917500, 121412500)]
DEBUG: board_modifier.py:504: Could not add track segment due to detected collision
INFO: board_modifier.py:494: Adding track segment (B.Cu): [(221297500, 113982500), (228727500, 121412500)]
DEBUG: board_modifier.py:504: Could not add track segment due to detected collision
INFO: key_placer.py:483: Routing MX21 with D21
INFO: key_placer.py:485: Using internal autorouter method
DEBUG: board_modifier.py:578: Routing at B.Cu layer
DEBUG: board_modifier.py:595: Netclass: Default, track width: 254000
DEBUG: board_modifier.py:658: Routing pad 'MX21:2' at (207010000, 75882500) with pad 'D21:2' at (214630000, 83312500) using coordinate system rotated by 0 degree(s)
INFO: board_modifier.py:494: Adding track segment (B.Cu): [(207010000, 75882500), (207200000, 75882500)]
INFO: board_modifier.py:499: Track added
INFO: board_modifier.py:494: Adding track segment (B.Cu): [(207200000, 75882500), (214630000, 83312500)]
DEBUG: board_modifier.py:504: Could not add track segment due to detected collision
INFO: board_modifier.py:494: Adding track segment (B.Cu): [(207010000, 75882500), (214440000, 83312500)]
DEBUG: board_modifier.py:504: Could not add track segment due to detected collision
INFO: key_placer.py:483: Routing MX18 with D18
INFO: key_placer.py:485: Using internal autorouter method
DEBUG: board_modifier.py:578: Routing at B.Cu layer
DEBUG: board_modifier.py:595: Netclass: Default, track width: 254000
DEBUG: board_modifier.py:658: Routing pad 'MX18:2' at (149860000, 75882500) with pad 'D18:1' at (157480000, 83312500) using coordinate system rotated by 0 degree(s)
INFO: board_modifier.py:494: Adding track segment (B.Cu): [(149860000, 75882500), (150050000, 75882500)]
INFO: board_modifier.py:499: Track added
INFO: board_modifier.py:494: Adding track segment (B.Cu): [(150050000, 75882500), (157480000, 83312500)]
DEBUG: board_modifier.py:504: Could not add track segment due to detected collision
INFO: board_modifier.py:494: Adding track segment (B.Cu): [(149860000, 75882500), (157290000, 83312500)]
DEBUG: board_modifier.py:504: Could not add track segment due to detected collision
INFO: key_placer.py:483: Routing MX33 with D33
INFO: key_placer.py:485: Using internal autorouter method
DEBUG: board_modifier.py:578: Routing at B.Cu layer
DEBUG: board_modifier.py:595: Netclass: Default, track width: 254000
DEBUG: board_modifier.py:658: Routing pad 'MX33:2' at (159385000, 94932500) with pad 'D33:1' at (167005000, 102362500) using coordinate system rotated by 0 degree(s)
INFO: board_modifier.py:494: Adding track segment (B.Cu): [(159385000, 94932500), (159575000, 94932500)]
INFO: board_modifier.py:499: Track added
INFO: board_modifier.py:494: Adding track segment (B.Cu): [(159575000, 94932500), (167005000, 102362500)]
DEBUG: board_modifier.py:504: Could not add track segment due to detected collision
INFO: board_modifier.py:494: Adding track segment (B.Cu): [(159385000, 94932500), (166815000, 102362500)]
DEBUG: board_modifier.py:504: Could not add track segment due to detected collision
INFO: key_placer.py:483: Routing MX57 with D57
INFO: key_placer.py:485: Using internal autorouter method
DEBUG: board_modifier.py:578: Routing at B.Cu layer
DEBUG: board_modifier.py:595: Netclass: Default, track width: 254000
DEBUG: board_modifier.py:658: Routing pad 'MX57:2' at (335597500, 113982500) with pad 'D57:2' at (343217500, 121412500) using coordinate system rotated by 0 degree(s)
INFO: board_modifier.py:494: Adding track segment (B.Cu): [(335597500, 113982500), (335787500, 113982500)]
INFO: board_modifier.py:499: Track added
INFO: board_modifier.py:494: Adding track segment (B.Cu): [(335787500, 113982500), (343217500, 121412500)]
DEBUG: board_modifier.py:504: Could not add track segment due to detected collision
INFO: board_modifier.py:494: Adding track segment (B.Cu): [(335597500, 113982500), (343027500, 121412500)]
DEBUG: board_modifier.py:504: Could not add track segment due to detected collision
INFO: key_placer.py:483: Routing MX65 with D65
INFO: key_placer.py:485: Using internal autorouter method
DEBUG: board_modifier.py:578: Routing at B.Cu layer
DEBUG: board_modifier.py:595: Netclass: Default, track width: 254000
DEBUG: board_modifier.py:658: Routing pad 'MX65:2' at (230822500, 133032500) with pad 'D65:2' at (238442500, 140462500) using coordinate system rotated by 0 degree(s)
INFO: board_modifier.py:494: Adding track segment (B.Cu): [(230822500, 133032500), (231012500, 133032500)]
INFO: board_modifier.py:499: Track added
INFO: board_modifier.py:494: Adding track segment (B.Cu): [(231012500, 133032500), (238442500, 140462500)]
DEBUG: board_modifier.py:504: Could not add track segment due to detected collision
INFO: board_modifier.py:494: Adding track segment (B.Cu): [(230822500, 133032500), (238252500, 140462500)]
DEBUG: board_modifier.py:504: Could not add track segment due to detected collision
INFO: key_placer.py:483: Routing MX40 with D40
INFO: key_placer.py:485: Using internal autorouter method
DEBUG: board_modifier.py:578: Routing at B.Cu layer
DEBUG: board_modifier.py:595: Netclass: Default, track width: 254000
DEBUG: board_modifier.py:658: Routing pad 'MX40:2' at (292735000, 94932500) with pad 'D40:2' at (300355000, 102362500) using coordinate system rotated by 0 degree(s)
INFO: board_modifier.py:494: Adding track segment (B.Cu): [(292735000, 94932500), (292925000, 94932500)]
INFO: board_modifier.py:499: Track added
INFO: board_modifier.py:494: Adding track segment (B.Cu): [(292925000, 94932500), (300355000, 102362500)]
DEBUG: board_modifier.py:504: Could not add track segment due to detected collision
INFO: board_modifier.py:494: Adding track segment (B.Cu): [(292735000, 94932500), (300165000, 102362500)]
DEBUG: board_modifier.py:504: Could not add track segment due to detected collision
INFO: key_placer.py:483: Routing MX73 with D73
INFO: key_placer.py:485: Using internal autorouter method
DEBUG: board_modifier.py:578: Routing at B.Cu layer
DEBUG: board_modifier.py:595: Netclass: Default, track width: 254000
DEBUG: board_modifier.py:658: Routing pad 'MX73:2' at (385603750, 137795000) with pad 'D73:2' at (393223750, 145225000) using coordinate system rotated by 0 degree(s)
INFO: board_modifier.py:494: Adding track segment (B.Cu): [(385603750, 137795000), (385793750, 137795000)]
INFO: board_modifier.py:499: Track added
INFO: board_modifier.py:494: Adding track segment (B.Cu): [(385793750, 137795000), (393223750, 145225000)]
DEBUG: board_modifier.py:504: Could not add track segment due to detected collision
INFO: board_modifier.py:494: Adding track segment (B.Cu): [(385603750, 137795000), (393033750, 145225000)]
DEBUG: board_modifier.py:504: Could not add track segment due to detected collision
INFO: key_placer.py:483: Routing MX1 with D1
INFO: key_placer.py:485: Using internal autorouter method
DEBUG: board_modifier.py:578: Routing at B.Cu layer
DEBUG: board_modifier.py:595: Netclass: Default, track width: 254000
DEBUG: board_modifier.py:658: Routing pad 'MX1:2' at (111760000, 52070000) with pad 'D1:1' at (119380000, 59500000) using coordinate system rotated by 0 degree(s)
INFO: board_modifier.py:494: Adding track segment (B.Cu): [(111760000, 52070000), (111950000, 52070000)]
INFO: board_modifier.py:499: Track added
INFO: board_modifier.py:494: Adding track segment (B.Cu): [(111950000, 52070000), (119380000, 59500000)]
DEBUG: board_modifier.py:504: Could not add track segment due to detected collision
INFO: board_modifier.py:494: Adding track segment (B.Cu): [(111760000, 52070000), (119190000, 59500000)]
DEBUG: board_modifier.py:504: Could not add track segment due to detected collision
INFO: key_placer.py:483: Routing MX11 with D11
INFO: key_placer.py:485: Using internal autorouter method
DEBUG: board_modifier.py:578: Routing at B.Cu layer
DEBUG: board_modifier.py:595: Netclass: Default, track width: 254000
DEBUG: board_modifier.py:658: Routing pad 'MX11:2' at (311785000, 52070000) with pad 'D11:1' at (319405000, 59500000) using coordinate system rotated by 0 degree(s)
INFO: board_modifier.py:494: Adding track segment (B.Cu): [(311785000, 52070000), (311975000, 52070000)]
INFO: board_modifier.py:499: Track added
INFO: board_modifier.py:494: Adding track segment (B.Cu): [(311975000, 52070000), (319405000, 59500000)]
DEBUG: board_modifier.py:504: Could not add track segment due to detected collision
INFO: board_modifier.py:494: Adding track segment (B.Cu): [(311785000, 52070000), (319215000, 59500000)]
DEBUG: board_modifier.py:504: Could not add track segment due to detected collision
INFO: key_placer.py:483: Routing MX63 with D63
INFO: key_placer.py:485: Using internal autorouter method
DEBUG: board_modifier.py:578: Routing at B.Cu layer
DEBUG: board_modifier.py:595: Netclass: Default, track width: 254000
DEBUG: board_modifier.py:658: Routing pad 'MX63:2' at (192722500, 133032500) with pad 'D63:2' at (200342500, 140462500) using coordinate system rotated by 0 degree(s)
INFO: board_modifier.py:494: Adding track segment (B.Cu): [(192722500, 133032500), (192912500, 133032500)]
INFO: board_modifier.py:499: Track added
INFO: board_modifier.py:494: Adding track segment (B.Cu): [(192912500, 133032500), (200342500, 140462500)]
DEBUG: board_modifier.py:504: Could not add track segment due to detected collision
INFO: board_modifier.py:494: Adding track segment (B.Cu): [(192722500, 133032500), (200152500, 140462500)]
DEBUG: board_modifier.py:504: Could not add track segment due to detected collision
INFO: key_placer.py:483: Routing MX12 with D12
INFO: key_placer.py:485: Using internal autorouter method
DEBUG: board_modifier.py:578: Routing at B.Cu layer
DEBUG: board_modifier.py:595: Netclass: Default, track width: 254000
DEBUG: board_modifier.py:658: Routing pad 'MX12:2' at (330835000, 52070000) with pad 'D12:2' at (338455000, 59500000) using coordinate system rotated by 0 degree(s)
INFO: board_modifier.py:494: Adding track segment (B.Cu): [(330835000, 52070000), (331025000, 52070000)]
INFO: board_modifier.py:499: Track added
INFO: board_modifier.py:494: Adding track segment (B.Cu): [(331025000, 52070000), (338455000, 59500000)]
DEBUG: board_modifier.py:504: Could not add track segment due to detected collision
INFO: board_modifier.py:494: Adding track segment (B.Cu): [(330835000, 52070000), (338265000, 59500000)]
DEBUG: board_modifier.py:504: Could not add track segment due to detected collision
INFO: key_placer.py:483: Routing MX38 with D38
INFO: key_placer.py:485: Using internal autorouter method
DEBUG: board_modifier.py:578: Routing at B.Cu layer
DEBUG: board_modifier.py:595: Netclass: Default, track width: 254000
DEBUG: board_modifier.py:658: Routing pad 'MX38:2' at (254635000, 94932500) with pad 'D38:2' at (262255000, 102362500) using coordinate system rotated by 0 degree(s)
INFO: board_modifier.py:494: Adding track segment (B.Cu): [(254635000, 94932500), (254825000, 94932500)]
INFO: board_modifier.py:499: Track added
INFO: board_modifier.py:494: Adding track segment (B.Cu): [(254825000, 94932500), (262255000, 102362500)]
DEBUG: board_modifier.py:504: Could not add track segment due to detected collision
INFO: board_modifier.py:494: Adding track segment (B.Cu): [(254635000, 94932500), (262065000, 102362500)]
DEBUG: board_modifier.py:504: Could not add track segment due to detected collision
INFO: key_placer.py:483: Routing MX56 with D56
INFO: key_placer.py:485: Using internal autorouter method
DEBUG: board_modifier.py:578: Routing at B.Cu layer
DEBUG: board_modifier.py:595: Netclass: Default, track width: 254000
DEBUG: board_modifier.py:658: Routing pad 'MX56:2' at (316547500, 113982500) with pad 'D56:1' at (324167500, 121412500) using coordinate system rotated by 0 degree(s)
INFO: board_modifier.py:494: Adding track segment (B.Cu): [(316547500, 113982500), (316737500, 113982500)]
INFO: board_modifier.py:499: Track added
INFO: board_modifier.py:494: Adding track segment (B.Cu): [(316737500, 113982500), (324167500, 121412500)]
DEBUG: board_modifier.py:504: Could not add track segment due to detected collision
INFO: board_modifier.py:494: Adding track segment (B.Cu): [(316547500, 113982500), (323977500, 121412500)]
DEBUG: board_modifier.py:504: Could not add track segment due to detected collision
INFO: key_placer.py:483: Routing MX49 with D49
INFO: key_placer.py:485: Using internal autorouter method
DEBUG: board_modifier.py:578: Routing at B.Cu layer
DEBUG: board_modifier.py:595: Netclass: Default, track width: 254000
DEBUG: board_modifier.py:658: Routing pad 'MX49:2' at (183197500, 113982500) with pad 'D49:2' at (190817500, 121412500) using coordinate system rotated by 0 degree(s)
INFO: board_modifier.py:494: Adding track segment (B.Cu): [(183197500, 113982500), (183387500, 113982500)]
INFO: board_modifier.py:499: Track added
INFO: board_modifier.py:494: Adding track segment (B.Cu): [(183387500, 113982500), (190817500, 121412500)]
DEBUG: board_modifier.py:504: Could not add track segment due to detected collision
INFO: board_modifier.py:494: Adding track segment (B.Cu): [(183197500, 113982500), (190627500, 121412500)]
DEBUG: board_modifier.py:504: Could not add track segment due to detected collision
INFO: key_placer.py:483: Routing MX3 with D3
INFO: key_placer.py:485: Using internal autorouter method
DEBUG: board_modifier.py:578: Routing at B.Cu layer
DEBUG: board_modifier.py:595: Netclass: Default, track width: 254000
DEBUG: board_modifier.py:658: Routing pad 'MX3:2' at (154622500, 52070000) with pad 'D3:1' at (162242500, 59500000) using coordinate system rotated by 0 degree(s)
INFO: board_modifier.py:494: Adding track segment (B.Cu): [(154622500, 52070000), (154812500, 52070000)]
INFO: board_modifier.py:499: Track added
INFO: board_modifier.py:494: Adding track segment (B.Cu): [(154812500, 52070000), (162242500, 59500000)]
DEBUG: board_modifier.py:504: Could not add track segment due to detected collision
INFO: board_modifier.py:494: Adding track segment (B.Cu): [(154622500, 52070000), (162052500, 59500000)]
DEBUG: board_modifier.py:504: Could not add track segment due to detected collision
INFO: key_placer.py:483: Routing MX26 with D26
INFO: key_placer.py:485: Using internal autorouter method
DEBUG: board_modifier.py:578: Routing at B.Cu layer
DEBUG: board_modifier.py:595: Netclass: Default, track width: 254000
DEBUG: board_modifier.py:658: Routing pad 'MX26:2' at (302260000, 75882500) with pad 'D26:1' at (309880000, 83312500) using coordinate system rotated by 0 degree(s)
INFO: board_modifier.py:494: Adding track segment (B.Cu): [(302260000, 75882500), (302450000, 75882500)]
INFO: board_modifier.py:499: Track added
INFO: board_modifier.py:494: Adding track segment (B.Cu): [(302450000, 75882500), (309880000, 83312500)]
DEBUG: board_modifier.py:504: Could not add track segment due to detected collision
INFO: board_modifier.py:494: Adding track segment (B.Cu): [(302260000, 75882500), (309690000, 83312500)]
DEBUG: board_modifier.py:504: Could not add track segment due to detected collision
INFO: key_placer.py:483: Routing MX78 with D78
INFO: key_placer.py:485: Using internal autorouter method
DEBUG: board_modifier.py:578: Routing at B.Cu layer
DEBUG: board_modifier.py:595: Netclass: Default, track width: 254000
DEBUG: board_modifier.py:658: Routing pad 'MX78:2' at (302260000, 152082500) with pad 'D78:1' at (309880000, 159512500) using coordinate system rotated by 0 degree(s)
INFO: board_modifier.py:494: Adding track segment (B.Cu): [(302260000, 152082500), (302450000, 152082500)]
INFO: board_modifier.py:499: Track added
INFO: board_modifier.py:494: Adding track segment (B.Cu): [(302450000, 152082500), (309880000, 159512500)]
DEBUG: board_modifier.py:504: Could not add track segment due to detected collision
INFO: board_modifier.py:494: Adding track segment (B.Cu): [(302260000, 152082500), (309690000, 159512500)]
DEBUG: board_modifier.py:504: Could not add track segment due to detected collision
INFO: key_placer.py:483: Routing MX29 with D29
INFO: key_placer.py:485: Using internal autorouter method
DEBUG: board_modifier.py:578: Routing at B.Cu layer
DEBUG: board_modifier.py:595: Netclass: Default, track width: 254000
DEBUG: board_modifier.py:658: Routing pad 'MX29:2' at (368935000, 75882500) with pad 'D29:2' at (376555000, 83312500) using coordinate system rotated by 0 degree(s)
INFO: board_modifier.py:494: Adding track segment (B.Cu): [(368935000, 75882500), (369125000, 75882500)]
INFO: board_modifier.py:499: Track added
INFO: board_modifier.py:494: Adding track segment (B.Cu): [(369125000, 75882500), (376555000, 83312500)]
DEBUG: board_modifier.py:504: Could not add track segment due to detected collision
INFO: board_modifier.py:494: Adding track segment (B.Cu): [(368935000, 75882500), (376365000, 83312500)]
DEBUG: board_modifier.py:504: Could not add track segment due to detected collision
INFO: key_placer.py:483: Routing MX76 with D76
INFO: key_placer.py:485: Using internal autorouter method
DEBUG: board_modifier.py:578: Routing at B.Cu layer
DEBUG: board_modifier.py:595: Netclass: Default, track width: 254000
DEBUG: board_modifier.py:658: Routing pad 'MX76:2' at (161766250, 152082500) with pad 'D76:1' at (169386250, 159512500) using coordinate system rotated by 0 degree(s)
INFO: board_modifier.py:494: Adding track segment (B.Cu): [(161766250, 152082500), (161956250, 152082500)]
INFO: board_modifier.py:499: Track added
INFO: board_modifier.py:494: Adding track segment (B.Cu): [(161956250, 152082500), (169386250, 159512500)]
DEBUG: board_modifier.py:504: Could not add track segment due to detected collision
INFO: board_modifier.py:494: Adding track segment (B.Cu): [(161766250, 152082500), (169196250, 159512500)]
DEBUG: board_modifier.py:504: Could not add track segment due to detected collision
INFO: key_placer.py:483: Routing MX83 with D83
INFO: key_placer.py:485: Using internal autorouter method
DEBUG: board_modifier.py:578: Routing at B.Cu layer
DEBUG: board_modifier.py:595: Netclass: Default, track width: 254000
DEBUG: board_modifier.py:658: Routing pad 'MX83:2' at (404653750, 156845000) with pad 'D83:2' at (412273750, 164275000) using coordinate system rotated by 0 degree(s)
INFO: board_modifier.py:494: Adding track segment (B.Cu): [(404653750, 156845000), (404843750, 156845000)]
INFO: board_modifier.py:499: Track added
INFO: board_modifier.py:494: Adding track segment (B.Cu): [(404843750, 156845000), (412273750, 164275000)]
DEBUG: board_modifier.py:504: Could not add track segment due to detected collision
INFO: board_modifier.py:494: Adding track segment (B.Cu): [(404653750, 156845000), (412083750, 164275000)]
DEBUG: board_modifier.py:504: Could not add track segment due to detected collision
INFO: key_placer.py:483: Routing MX60 with D60
INFO: key_placer.py:485: Using internal autorouter method
DEBUG: board_modifier.py:578: Routing at B.Cu layer
DEBUG: board_modifier.py:595: Netclass: Default, track width: 254000
DEBUG: board_modifier.py:658: Routing pad 'MX60:2' at (123666250, 133032500) with pad 'D60:1' at (131286250, 140462500) using coordinate system rotated by 0 degree(s)
INFO: board_modifier.py:494: Adding track segment (B.Cu): [(123666250, 133032500), (123856250, 133032500)]
INFO: board_modifier.py:499: Track added
INFO: board_modifier.py:494: Adding track segment (B.Cu): [(123856250, 133032500), (131286250, 140462500)]
DEBUG: board_modifier.py:504: Could not add track segment due to detected collision
INFO: board_modifier.py:494: Adding track segment (B.Cu): [(123666250, 133032500), (131096250, 140462500)]
DEBUG: board_modifier.py:504: Could not add track segment due to detected collision
INFO: key_placer.py:483: Routing MX17 with D17
INFO: key_placer.py:485: Using internal autorouter method
DEBUG: board_modifier.py:578: Routing at B.Cu layer
DEBUG: board_modifier.py:595: Netclass: Default, track width: 254000
DEBUG: board_modifier.py:658: Routing pad 'MX17:2' at (130810000, 75882500) with pad 'D17:2' at (138430000, 83312500) using coordinate system rotated by 0 degree(s)
INFO: board_modifier.py:494: Adding track segment (B.Cu): [(130810000, 75882500), (131000000, 75882500)]
INFO: board_modifier.py:499: Track added
INFO: board_modifier.py:494: Adding track segment (B.Cu): [(131000000, 75882500), (138430000, 83312500)]
DEBUG: board_modifier.py:504: Could not add track segment due to detected collision
INFO: board_modifier.py:494: Adding track segment (B.Cu): [(130810000, 75882500), (138240000, 83312500)]
DEBUG: board_modifier.py:504: Could not add track segment due to detected collision
INFO: key_placer.py:483: Routing MX66 with D66
INFO: key_placer.py:485: Using internal autorouter method
DEBUG: board_modifier.py:578: Routing at B.Cu layer
DEBUG: board_modifier.py:595: Netclass: Default, track width: 254000
DEBUG: board_modifier.py:658: Routing pad 'MX66:2' at (249872500, 133032500) with pad 'D66:1' at (257492500, 140462500) using coordinate system rotated by 0 degree(s)
INFO: board_modifier.py:494: Adding track segment (B.Cu): [(249872500, 133032500), (250062500, 133032500)]
INFO: board_modifier.py:499: Track added
INFO: board_modifier.py:494: Adding track segment (B.Cu): [(250062500, 133032500), (257492500, 140462500)]
DEBUG: board_modifier.py:504: Could not add track segment due to detected collision
INFO: board_modifier.py:494: Adding track segment (B.Cu): [(249872500, 133032500), (257302500, 140462500)]
DEBUG: board_modifier.py:504: Could not add track segment due to detected collision
INFO: key_placer.py:483: Routing MX35 with D35
INFO: key_placer.py:485: Using internal autorouter method
DEBUG: board_modifier.py:578: Routing at B.Cu layer
DEBUG: board_modifier.py:595: Netclass: Default, track width: 254000
DEBUG: board_modifier.py:658: Routing pad 'MX35:2' at (197485000, 94932500) with pad 'D35:1' at (205105000, 102362500) using coordinate system rotated by 0 degree(s)
INFO: board_modifier.py:494: Adding track segment (B.Cu): [(197485000, 94932500), (197675000, 94932500)]
INFO: board_modifier.py:499: Track added
INFO: board_modifier.py:494: Adding track segment (B.Cu): [(197675000, 94932500), (205105000, 102362500)]
DEBUG: board_modifier.py:504: Could not add track segment due to detected collision
INFO: board_modifier.py:494: Adding track segment (B.Cu): [(197485000, 94932500), (204915000, 102362500)]
DEBUG: board_modifier.py:504: Could not add track segment due to detected collision
INFO: key_placer.py:483: Routing MX58 with D58
INFO: key_placer.py:485: Using internal autorouter method
DEBUG: board_modifier.py:578: Routing at B.Cu layer
DEBUG: board_modifier.py:595: Netclass: Default, track width: 254000
DEBUG: board_modifier.py:658: Routing pad 'MX58:2' at (366553750, 113982500) with pad 'D58:1' at (374173750, 121412500) using coordinate system rotated by 0 degree(s)
INFO: board_modifier.py:494: Adding track segment (B.Cu): [(366553750, 113982500), (366743750, 113982500)]
INFO: board_modifier.py:499: Track added
INFO: board_modifier.py:494: Adding track segment (B.Cu): [(366743750, 113982500), (374173750, 121412500)]
DEBUG: board_modifier.py:504: Could not add track segment due to detected collision
INFO: board_modifier.py:494: Adding track segment (B.Cu): [(366553750, 113982500), (373983750, 121412500)]
DEBUG: board_modifier.py:504: Could not add track segment due to detected collision
INFO: key_placer.py:483: Routing MX80 with D80
INFO: key_placer.py:485: Using internal autorouter method
DEBUG: board_modifier.py:578: Routing at B.Cu layer
DEBUG: board_modifier.py:595: Netclass: Default, track width: 254000
DEBUG: board_modifier.py:658: Routing pad 'MX80:2' at (340360000, 152082500) with pad 'D80:1' at (347980000, 159512500) using coordinate system rotated by 0 degree(s)
INFO: board_modifier.py:494: Adding track segment (B.Cu): [(340360000, 152082500), (340550000, 152082500)]
INFO: board_modifier.py:499: Track added
INFO: board_modifier.py:494: Adding track segment (B.Cu): [(340550000, 152082500), (347980000, 159512500)]
DEBUG: board_modifier.py:504: Could not add track segment due to detected collision
INFO: board_modifier.py:494: Adding track segment (B.Cu): [(340360000, 152082500), (347790000, 159512500)]
DEBUG: board_modifier.py:504: Could not add track segment due to detected collision
INFO: key_placer.py:483: Routing MX50 with D50
INFO: key_placer.py:485: Using internal autorouter method
DEBUG: board_modifier.py:578: Routing at B.Cu layer
DEBUG: board_modifier.py:595: Netclass: Default, track width: 254000
DEBUG: board_modifier.py:658: Routing pad 'MX50:2' at (202247500, 113982500) with pad 'D50:1' at (209867500, 121412500) using coordinate system rotated by 0 degree(s)
INFO: board_modifier.py:494: Adding track segment (B.Cu): [(202247500, 113982500), (202437500, 113982500)]
INFO: board_modifier.py:499: Track added
INFO: board_modifier.py:494: Adding track segment (B.Cu): [(202437500, 113982500), (209867500, 121412500)]
DEBUG: board_modifier.py:504: Could not add track segment due to detected collision
INFO: board_modifier.py:494: Adding track segment (B.Cu): [(202247500, 113982500), (209677500, 121412500)]
DEBUG: board_modifier.py:504: Could not add track segment due to detected collision
INFO: key_placer.py:483: Routing MX64 with D64
INFO: key_placer.py:485: Using internal autorouter method
DEBUG: board_modifier.py:578: Routing at B.Cu layer
DEBUG: board_modifier.py:595: Netclass: Default, track width: 254000
DEBUG: board_modifier.py:658: Routing pad 'MX64:2' at (211772500, 133032500) with pad 'D64:1' at (219392500, 140462500) using coordinate system rotated by 0 degree(s)
INFO: board_modifier.py:494: Adding track segment (B.Cu): [(211772500, 133032500), (211962500, 133032500)]
INFO: board_modifier.py:499: Track added
INFO: board_modifier.py:494: Adding track segment (B.Cu): [(211962500, 133032500), (219392500, 140462500)]
DEBUG: board_modifier.py:504: Could not add track segment due to detected collision
INFO: board_modifier.py:494: Adding track segment (B.Cu): [(211772500, 133032500), (219202500, 140462500)]
DEBUG: board_modifier.py:504: Could not add track segment due to detected collision
INFO: key_placer.py:483: Routing MX45 with D45
INFO: key_placer.py:485: Using internal autorouter method
DEBUG: board_modifier.py:578: Routing at B.Cu layer
DEBUG: board_modifier.py:595: Netclass: Default, track width: 254000
DEBUG: board_modifier.py:658: Routing pad 'MX45:2' at (411797500, 94932500) with pad 'D45:2' at (419417500, 102362500) using coordinate system rotated by 0 degree(s)
INFO: board_modifier.py:494: Adding track segment (B.Cu): [(411797500, 94932500), (411987500, 94932500)]
INFO: board_modifier.py:499: Track added
INFO: board_modifier.py:494: Adding track segment (B.Cu): [(411987500, 94932500), (419417500, 102362500)]
DEBUG: board_modifier.py:504: Could not add track segment due to detected collision
INFO: board_modifier.py:494: Adding track segment (B.Cu): [(411797500, 94932500), (419227500, 102362500)]
DEBUG: board_modifier.py:504: Could not add track segment due to detected collision
INFO: key_placer.py:483: Routing MX43 with D43
INFO: key_placer.py:485: Using internal autorouter method
DEBUG: board_modifier.py:578: Routing at B.Cu layer
DEBUG: board_modifier.py:595: Netclass: Default, track width: 254000
DEBUG: board_modifier.py:658: Routing pad 'MX43:2' at (349885000, 94932500) with pad 'D43:1' at (357505000, 102362500) using coordinate system rotated by 0 degree(s)
INFO: board_modifier.py:494: Adding track segment (B.Cu): [(349885000, 94932500), (350075000, 94932500)]
INFO: board_modifier.py:499: Track added
INFO: board_modifier.py:494: Adding track segment (B.Cu): [(350075000, 94932500), (357505000, 102362500)]
DEBUG: board_modifier.py:504: Could not add track segment due to detected collision
INFO: board_modifier.py:494: Adding track segment (B.Cu): [(349885000, 94932500), (357315000, 102362500)]
DEBUG: board_modifier.py:504: Could not add track segment due to detected collision
INFO: key_placer.py:483: Routing MX6 with D6
INFO: key_placer.py:485: Using internal autorouter method
DEBUG: board_modifier.py:578: Routing at B.Cu layer
DEBUG: board_modifier.py:595: Netclass: Default, track width: 254000
DEBUG: board_modifier.py:658: Routing pad 'MX6:2' at (211772500, 52070000) with pad 'D6:2' at (219392500, 59500000) using coordinate system rotated by 0 degree(s)
INFO: board_modifier.py:494: Adding track segment (B.Cu): [(211772500, 52070000), (211962500, 52070000)]
INFO: board_modifier.py:499: Track added
INFO: board_modifier.py:494: Adding track segment (B.Cu): [(211962500, 52070000), (219392500, 59500000)]
DEBUG: board_modifier.py:504: Could not add track segment due to detected collision
INFO: board_modifier.py:494: Adding track segment (B.Cu): [(211772500, 52070000), (219202500, 59500000)]
DEBUG: board_modifier.py:504: Could not add track segment due to detected collision
INFO: key_placer.py:483: Routing MX72 with D72
INFO: key_placer.py:485: Using internal autorouter method
DEBUG: board_modifier.py:578: Routing at B.Cu layer
DEBUG: board_modifier.py:595: Netclass: Default, track width: 254000
DEBUG: board_modifier.py:658: Routing pad 'MX72:2' at (411797500, 133032500) with pad 'D72:1' at (419417500, 140462500) using coordinate system rotated by 0 degree(s)
INFO: board_modifier.py:494: Adding track segment (B.Cu): [(411797500, 133032500), (411987500, 133032500)]
INFO: board_modifier.py:499: Track added
INFO: board_modifier.py:494: Adding track segment (B.Cu): [(411987500, 133032500), (419417500, 140462500)]
DEBUG: board_modifier.py:504: Could not add track segment due to detected collision
INFO: board_modifier.py:494: Adding track segment (B.Cu): [(411797500, 133032500), (419227500, 140462500)]
DEBUG: board_modifier.py:504: Could not add track segment due to detected collision
INFO: key_placer.py:483: Routing MX41 with D41
INFO: key_placer.py:485: Using internal autorouter method
DEBUG: board_modifier.py:578: Routing at B.Cu layer
DEBUG: board_modifier.py:595: Netclass: Default, track width: 254000
DEBUG: board_modifier.py:658: Routing pad 'MX41:2' at (311785000, 94932500) with pad 'D41:1' at (319405000, 102362500) using coordinate system rotated by 0 degree(s)
INFO: board_modifier.py:494: Adding track segment (B.Cu): [(311785000, 94932500), (311975000, 94932500)]
INFO: board_modifier.py:499: Track added
INFO: board_modifier.py:494: Adding track segment (B.Cu): [(311975000, 94932500), (319405000, 102362500)]
DEBUG: board_modifier.py:504: Could not add track segment due to detected collision
INFO: board_modifier.py:494: Adding track segment (B.Cu): [(311785000, 94932500), (319215000, 102362500)]
DEBUG: board_modifier.py:504: Could not add track segment due to detected collision
INFO: key_placer.py:483: Routing MX59 with D59
INFO: key_placer.py:485: Using internal autorouter method
DEBUG: board_modifier.py:578: Routing at B.Cu layer
DEBUG: board_modifier.py:595: Netclass: Default, track width: 254000
DEBUG: board_modifier.py:658: Routing pad 'MX59:2' at (411797500, 113982500) with pad 'D59:2' at (419417500, 121412500) using coordinate system rotated by 0 degree(s)
INFO: board_modifier.py:494: Adding track segment (B.Cu): [(411797500, 113982500), (411987500, 113982500)]
INFO: board_modifier.py:499: Track added
INFO: board_modifier.py:494: Adding track segment (B.Cu): [(411987500, 113982500), (419417500, 121412500)]
DEBUG: board_modifier.py:504: Could not add track segment due to detected collision
INFO: board_modifier.py:494: Adding track segment (B.Cu): [(411797500, 113982500), (419227500, 121412500)]
DEBUG: board_modifier.py:504: Could not add track segment due to detected collision
INFO: key_placer.py:483: Routing MX77 with D77
INFO: key_placer.py:485: Using internal autorouter method
DEBUG: board_modifier.py:578: Routing at B.Cu layer
DEBUG: board_modifier.py:595: Netclass: Default, track width: 254000
DEBUG: board_modifier.py:658: Routing pad 'MX77:2' at (233203750, 152082500) with pad 'D77:1' at (240823750, 159512500) using coordinate system rotated by 0 degree(s)
INFO: board_modifier.py:494: Adding track segment (B.Cu): [(233203750, 152082500), (233393750, 152082500)]
INFO: board_modifier.py:499: Track added
INFO: board_modifier.py:494: Adding track segment (B.Cu): [(233393750, 152082500), (240823750, 159512500)]
DEBUG: board_modifier.py:504: Could not add track segment due to detected collision
INFO: board_modifier.py:494: Adding track segment (B.Cu): [(233203750, 152082500), (240633750, 159512500)]
DEBUG: board_modifier.py:504: Could not add track segment due to detected collision
INFO: key_placer.py:483: Routing MX34 with D34
INFO: key_placer.py:485: Using internal autorouter method
DEBUG: board_modifier.py:578: Routing at B.Cu layer
DEBUG: board_modifier.py:595: Netclass: Default, track width: 254000
DEBUG: board_modifier.py:658: Routing pad 'MX34:2' at (178435000, 94932500) with pad 'D34:2' at (186055000, 102362500) using coordinate system rotated by 0 degree(s)
INFO: board_modifier.py:494: Adding track segment (B.Cu): [(178435000, 94932500), (178625000, 94932500)]
INFO: board_modifier.py:499: Track added
INFO: board_modifier.py:494: Adding track segment (B.Cu): [(178625000, 94932500), (186055000, 102362500)]
DEBUG: board_modifier.py:504: Could not add track segment due to detected collision
INFO: board_modifier.py:494: Adding track segment (B.Cu): [(178435000, 94932500), (185865000, 102362500)]
DEBUG: board_modifier.py:504: Could not add track segment due to detected collision
INFO: key_placer.py:483: Routing MX68 with D68
INFO: key_placer.py:485: Using internal autorouter method
DEBUG: board_modifier.py:578: Routing at B.Cu layer
DEBUG: board_modifier.py:595: Netclass: Default, track width: 254000
DEBUG: board_modifier.py:658: Routing pad 'MX68:2' at (287972500, 133032500) with pad 'D68:1' at (295592500, 140462500) using coordinate system rotated by 0 degree(s)
INFO: board_modifier.py:494: Adding track segment (B.Cu): [(287972500, 133032500), (288162500, 133032500)]
INFO: board_modifier.py:499: Track added
INFO: board_modifier.py:494: Adding track segment (B.Cu): [(288162500, 133032500), (295592500, 140462500)]
DEBUG: board_modifier.py:504: Could not add track segment due to detected collision
INFO: board_modifier.py:494: Adding track segment (B.Cu): [(287972500, 133032500), (295402500, 140462500)]
DEBUG: board_modifier.py:504: Could not add track segment due to detected collision
INFO: key_placer.py:483: Routing MX24 with D24
INFO: key_placer.py:485: Using internal autorouter method
DEBUG: board_modifier.py:578: Routing at B.Cu layer
DEBUG: board_modifier.py:595: Netclass: Default, track width: 254000
DEBUG: board_modifier.py:658: Routing pad 'MX24:2' at (264160000, 75882500) with pad 'D24:1' at (271780000, 83312500) using coordinate system rotated by 0 degree(s)
INFO: board_modifier.py:494: Adding track segment (B.Cu): [(264160000, 75882500), (264350000, 75882500)]
INFO: board_modifier.py:499: Track added
INFO: board_modifier.py:494: Adding track segment (B.Cu): [(264350000, 75882500), (271780000, 83312500)]
DEBUG: board_modifier.py:504: Could not add track segment due to detected collision
INFO: board_modifier.py:494: Adding track segment (B.Cu): [(264160000, 75882500), (271590000, 83312500)]
DEBUG: board_modifier.py:504: Could not add track segment due to detected collision
INFO: key_placer.py:483: Routing MX13 with D13
INFO: key_placer.py:485: Using internal autorouter method
DEBUG: board_modifier.py:578: Routing at B.Cu layer
DEBUG: board_modifier.py:595: Netclass: Default, track width: 254000
DEBUG: board_modifier.py:658: Routing pad 'MX13:2' at (349885000, 52070000) with pad 'D13:1' at (357505000, 59500000) using coordinate system rotated by 0 degree(s)
INFO: board_modifier.py:494: Adding track segment (B.Cu): [(349885000, 52070000), (350075000, 52070000)]
INFO: board_modifier.py:499: Track added
INFO: board_modifier.py:494: Adding track segment (B.Cu): [(350075000, 52070000), (357505000, 59500000)]
DEBUG: board_modifier.py:504: Could not add track segment due to detected collision
INFO: board_modifier.py:494: Adding track segment (B.Cu): [(349885000, 52070000), (357315000, 59500000)]
DEBUG: board_modifier.py:504: Could not add track segment due to detected collision
INFO: key_placer.py:483: Routing MX32 with D32
INFO: key_placer.py:485: Using internal autorouter method
DEBUG: board_modifier.py:578: Routing at B.Cu layer
DEBUG: board_modifier.py:595: Netclass: Default, track width: 254000
DEBUG: board_modifier.py:658: Routing pad 'MX32:2' at (140335000, 94932500) with pad 'D32:2' at (147955000, 102362500) using coordinate system rotated by 0 degree(s)
INFO: board_modifier.py:494: Adding track segment (B.Cu): [(140335000, 94932500), (140525000, 94932500)]
INFO: board_modifier.py:499: Track added
INFO: board_modifier.py:494: Adding track segment (B.Cu): [(140525000, 94932500), (147955000, 102362500)]
DEBUG: board_modifier.py:504: Could not add track segment due to detected collision
INFO: board_modifier.py:494: Adding track segment (B.Cu): [(140335000, 94932500), (147765000, 102362500)]
DEBUG: board_modifier.py:504: Could not add track segment due to detected collision
INFO: key_placer.py:483: Routing MX75 with D75
INFO: key_placer.py:485: Using internal autorouter method
DEBUG: board_modifier.py:578: Routing at B.Cu layer
DEBUG: board_modifier.py:595: Netclass: Default, track width: 254000
DEBUG: board_modifier.py:658: Routing pad 'MX75:2' at (137953750, 152082500) with pad 'D75:2' at (145573750, 159512500) using coordinate system rotated by 0 degree(s)
INFO: board_modifier.py:494: Adding track segment (B.Cu): [(137953750, 152082500), (138143750, 152082500)]
INFO: board_modifier.py:499: Track added
INFO: board_modifier.py:494: Adding track segment (B.Cu): [(138143750, 152082500), (145573750, 159512500)]
DEBUG: board_modifier.py:504: Could not add track segment due to detected collision
INFO: board_modifier.py:494: Adding track segment (B.Cu): [(137953750, 152082500), (145383750, 159512500)]
DEBUG: board_modifier.py:504: Could not add track segment due to detected collision
INFO: key_placer.py:483: Routing MX10 with D10
INFO: key_placer.py:485: Using internal autorouter method
DEBUG: board_modifier.py:578: Routing at B.Cu layer
DEBUG: board_modifier.py:595: Netclass: Default, track width: 254000
DEBUG: board_modifier.py:658: Routing pad 'MX10:2' at (292735000, 52070000) with pad 'D10:2' at (300355000, 59500000) using coordinate system rotated by 0 degree(s)
INFO: board_modifier.py:494: Adding track segment (B.Cu): [(292735000, 52070000), (292925000, 52070000)]
INFO: board_modifier.py:499: Track added
INFO: board_modifier.py:494: Adding track segment (B.Cu): [(292925000, 52070000), (300355000, 59500000)]
DEBUG: board_modifier.py:504: Could not add track segment due to detected collision
INFO: board_modifier.py:494: Adding track segment (B.Cu): [(292735000, 52070000), (300165000, 59500000)]
DEBUG: board_modifier.py:504: Could not add track segment due to detected collision
INFO: key_placer.py:483: Routing MX74 with D74
INFO: key_placer.py:485: Using internal autorouter method
DEBUG: board_modifier.py:578: Routing at B.Cu layer
DEBUG: board_modifier.py:595: Netclass: Default, track width: 254000
DEBUG: board_modifier.py:658: Routing pad 'MX74:2' at (114141250, 152082500) with pad 'D74:1' at (121761250, 159512500) using coordinate system rotated by 0 degree(s)
INFO: board_modifier.py:494: Adding track segment (B.Cu): [(114141250, 152082500), (114331250, 152082500)]
INFO: board_modifier.py:499: Track added
INFO: board_modifier.py:494: Adding track segment (B.Cu): [(114331250, 152082500), (121761250, 159512500)]
DEBUG: board_modifier.py:504: Could not add track segment due to detected collision
INFO: board_modifier.py:494: Adding track segment (B.Cu): [(114141250, 152082500), (121571250, 159512500)]
DEBUG: board_modifier.py:504: Could not add track segment due to detected collision
INFO: key_placer.py:483: Routing MX61 with D61
INFO: key_placer.py:485: Using internal autorouter method
DEBUG: board_modifier.py:578: Routing at B.Cu layer
DEBUG: board_modifier.py:595: Netclass: Default, track width: 254000
DEBUG: board_modifier.py:658: Routing pad 'MX61:2' at (154622500, 133032500) with pad 'D61:2' at (162242500, 140462500) using coordinate system rotated by 0 degree(s)
INFO: board_modifier.py:494: Adding track segment (B.Cu): [(154622500, 133032500), (154812500, 133032500)]
INFO: board_modifier.py:499: Track added
INFO: board_modifier.py:494: Adding track segment (B.Cu): [(154812500, 133032500), (162242500, 140462500)]
DEBUG: board_modifier.py:504: Could not add track segment due to detected collision
INFO: board_modifier.py:494: Adding track segment (B.Cu): [(154622500, 133032500), (162052500, 140462500)]
DEBUG: board_modifier.py:504: Could not add track segment due to detected collision
DEBUG: key_placer.py:979: Routing Col 6 pads
DEBUG: board_modifier.py:578: Routing at F.Cu layer
DEBUG: board_modifier.py:595: Netclass: Default, track width: 254000
DEBUG: board_modifier.py:658: Routing pad 'MX28:1' at (350260000, 78422500) with pad 'MX43:1' at (356235000, 97472500) using coordinate system rotated by 0 degree(s)
INFO: board_modifier.py:494: Adding track segment (F.Cu): [(350260000, 78422500), (350260000, 91497500)]
INFO: board_modifier.py:499: Track added
INFO: board_modifier.py:494: Adding track segment (F.Cu): [(350260000, 91497500), (356235000, 97472500)]
INFO: board_modifier.py:499: Track added
DEBUG: board_modifier.py:578: Routing at F.Cu layer
DEBUG: board_modifier.py:595: Netclass: Default, track width: 254000
DEBUG: board_modifier.py:658: Routing pad 'MX14:1' at (375285000, 54610000) with pad 'MX13:1' at (359785000, 54610000) using coordinate system rotated by 0 degree(s)
INFO: board_modifier.py:494: Adding track segment (F.Cu): [(375285000, 54610000), (359785000, 54610000)]
INFO: board_modifier.py:499: Track added
DEBUG: board_modifier.py:578: Routing at F.Cu layer
DEBUG: board_modifier.py:595: Netclass: Default, track width: 254000
DEBUG: board_modifier.py:658: Routing pad 'MX44:1' at (380047500, 97472500) with pad 'MX58:1' at (376453750, 116522500) using coordinate system rotated by 0 degree(s)
INFO: board_modifier.py:494: Adding track segment (F.Cu): [(380047500, 97472500), (380047500, 112928750)]
INFO: board_modifier.py:499: Track added
INFO: board_modifier.py:494: Adding track segment (F.Cu): [(380047500, 112928750), (376453750, 116522500)]
INFO: board_modifier.py:499: Track added
DEBUG: board_modifier.py:578: Routing at F.Cu layer
DEBUG: board_modifier.py:595: Netclass: Default, track width: 254000
DEBUG: board_modifier.py:658: Routing pad 'U1:9' at (385603750, 71437500) with pad 'MX14:1' at (378835000, 54610000) using coordinate system rotated by 0 degree(s)
INFO: board_modifier.py:494: Adding track segment (F.Cu): [(385603750, 71437500), (385603750, 61378750)]
DEBUG: board_modifier.py:504: Could not add track segment due to detected collision
INFO: board_modifier.py:494: Adding track segment (F.Cu): [(385603750, 71437500), (378835000, 64668750)]
INFO: board_modifier.py:499: Track added
INFO: board_modifier.py:494: Adding track segment (F.Cu): [(378835000, 64668750), (378835000, 54610000)]
INFO: board_modifier.py:499: Track added
DEBUG: board_modifier.py:578: Routing at F.Cu layer
DEBUG: board_modifier.py:595: Netclass: Default, track width: 254000
DEBUG: board_modifier.py:658: Routing pad 'MX44:1' at (380047500, 97472500) with pad 'MX29:1' at (378835000, 78422500) using coordinate system rotated by 0 degree(s)
INFO: board_modifier.py:494: Adding track segment (F.Cu): [(380047500, 97472500), (380047500, 79635000)]
INFO: board_modifier.py:499: Track added
INFO: board_modifier.py:494: Adding track segment (F.Cu): [(380047500, 79635000), (378835000, 78422500)]
INFO: board_modifier.py:499: Track added
DEBUG: board_modifier.py:578: Routing at F.Cu layer
DEBUG: board_modifier.py:595: Netclass: Default, track width: 254000
DEBUG: board_modifier.py:658: Routing pad 'MX43:1' at (359785000, 97472500) with pad 'MX44:1' at (380047500, 97472500) using coordinate system rotated by 0 degree(s)
INFO: board_modifier.py:494: Adding track segment (F.Cu): [(359785000, 97472500), (380047500, 97472500)]
INFO: board_modifier.py:499: Track added
DEBUG: board_modifier.py:578: Routing at F.Cu layer
DEBUG: board_modifier.py:595: Netclass: Default, track width: 254000
DEBUG: board_modifier.py:658: Routing pad 'MX29:1' at (378835000, 78422500) with pad 'U1:9' at (385603750, 71437500) using coordinate system rotated by 0 degree(s)
INFO: board_modifier.py:494: Adding track segment (F.Cu): [(378835000, 78422500), (378835000, 78206250)]
INFO: board_modifier.py:499: Track added
INFO: board_modifier.py:494: Adding track segment (F.Cu): [(378835000, 78206250), (385603750, 71437500)]
INFO: board_modifier.py:499: Track added
DEBUG: board_modifier.py:578: Routing at F.Cu layer
DEBUG: board_modifier.py:595: Netclass: Default, track width: 254000
DEBUG: board_modifier.py:658: Routing pad 'MX58:1' at (376453750, 116522500) with pad 'MX82:1' at (391953750, 159385000) using coordinate system rotated by 0 degree(s)
INFO: board_modifier.py:494: Adding track segment (F.Cu): [(376453750, 116522500), (376453750, 143885000)]
INFO: board_modifier.py:499: Track added
INFO: board_modifier.py:494: Adding track segment (F.Cu): [(376453750, 143885000), (391953750, 159385000)]
INFO: board_modifier.py:499: Track added
DEBUG: board_modifier.py:578: Routing at F.Cu layer
DEBUG: board_modifier.py:595: Netclass: Default, track width: 254000
DEBUG: board_modifier.py:658: Routing pad 'MX82:1' at (395503750, 159385000) with pad 'MX72:1' at (418147500, 135572500) using coordinate system rotated by 0 degree(s)
INFO: board_modifier.py:494: Adding track segment (F.Cu): [(395503750, 159385000), (395503750, 158216250)]
INFO: board_modifier.py:499: Track added
INFO: board_modifier.py:494: Adding track segment (F.Cu): [(395503750, 158216250), (418147500, 135572500)]
DEBUG: board_modifier.py:504: Could not add track segment due to detected collision
INFO: board_modifier.py:494: Adding track segment (F.Cu): [(395503750, 159385000), (418147500, 136741250)]
DEBUG: board_modifier.py:504: Could not add track segment due to detected collision
DEBUG: key_placer.py:979: Routing Col 5 pads
DEBUG: board_modifier.py:578: Routing at F.Cu layer
DEBUG: board_modifier.py:595: Netclass: Default, track width: 254000
DEBUG: board_modifier.py:658: Routing pad 'MX26:1' at (312160000, 78422500) with pad 'MX11:1' at (318135000, 54610000) using coordinate system rotated by 0 degree(s)
INFO: board_modifier.py:494: Adding track segment (F.Cu): [(312160000, 78422500), (312160000, 60585000)]
INFO: board_modifier.py:499: Track added
INFO: board_modifier.py:494: Adding track segment (F.Cu): [(312160000, 60585000), (318135000, 54610000)]
DEBUG: board_modifier.py:504: Could not add track segment due to detected collision
INFO: board_modifier.py:494: Adding track segment (F.Cu): [(312160000, 78422500), (318135000, 72447500)]
INFO: board_modifier.py:499: Track added
INFO: board_modifier.py:494: Adding track segment (F.Cu): [(318135000, 72447500), (318135000, 54610000)]
INFO: board_modifier.py:499: Track added
DEBUG: board_modifier.py:578: Routing at F.Cu layer
DEBUG: board_modifier.py:595: Netclass: Default, track width: 254000
DEBUG: board_modifier.py:658: Routing pad 'MX26:1' at (312160000, 78422500) with pad 'MX41:1' at (318135000, 97472500) using coordinate system rotated by 0 degree(s)
INFO: board_modifier.py:494: Adding track segment (F.Cu): [(312160000, 78422500), (312160000, 91497500)]
INFO: board_modifier.py:499: Track added
INFO: board_modifier.py:494: Adding track segment (F.Cu): [(312160000, 91497500), (318135000, 97472500)]
INFO: board_modifier.py:499: Track added
DEBUG: board_modifier.py:578: Routing at F.Cu layer
DEBUG: board_modifier.py:595: Netclass: Default, track width: 254000
DEBUG: board_modifier.py:658: Routing pad 'MX41:1' at (321685000, 97472500) with pad 'MX56:1' at (322897500, 116522500) using coordinate system rotated by 0 degree(s)
INFO: board_modifier.py:494: Adding track segment (F.Cu): [(321685000, 97472500), (321685000, 115310000)]
INFO: board_modifier.py:499: Track added
INFO: board_modifier.py:494: Adding track segment (F.Cu): [(321685000, 115310000), (322897500, 116522500)]
INFO: board_modifier.py:499: Track added
DEBUG: board_modifier.py:578: Routing at F.Cu layer
DEBUG: board_modifier.py:595: Netclass: Default, track width: 254000
DEBUG: board_modifier.py:658: Routing pad 'MX26:1' at (312160000, 78422500) with pad 'MX27:1' at (327660000, 78422500) using coordinate system rotated by 0 degree(s)
INFO: board_modifier.py:494: Adding track segment (F.Cu): [(312160000, 78422500), (327660000, 78422500)]
INFO: board_modifier.py:499: Track added
DEBUG: board_modifier.py:578: Routing at F.Cu layer
DEBUG: board_modifier.py:595: Netclass: Default, track width: 254000
DEBUG: board_modifier.py:658: Routing pad 'MX56:1' at (326447500, 116522500) with pad 'MX70:1' at (332422500, 135572500) using coordinate system rotated by 0 degree(s)
INFO: board_modifier.py:494: Adding track segment (F.Cu): [(326447500, 116522500), (326447500, 129597500)]
INFO: board_modifier.py:499: Track added
INFO: board_modifier.py:494: Adding track segment (F.Cu): [(326447500, 129597500), (332422500, 135572500)]
INFO: board_modifier.py:499: Track added
DEBUG: board_modifier.py:578: Routing at F.Cu layer
DEBUG: board_modifier.py:595: Netclass: Default, track width: 254000
DEBUG: board_modifier.py:658: Routing pad 'MX11:1' at (321685000, 54610000) with pad 'MX12:1' at (337185000, 54610000) using coordinate system rotated by 0 degree(s)
INFO: board_modifier.py:494: Adding track segment (F.Cu): [(321685000, 54610000), (337185000, 54610000)]
INFO: board_modifier.py:499: Track added
DEBUG: board_modifier.py:578: Routing at F.Cu layer
DEBUG: board_modifier.py:595: Netclass: Default, track width: 254000
DEBUG: board_modifier.py:658: Routing pad 'MX41:1' at (321685000, 97472500) with pad 'MX42:1' at (337185000, 97472500) using coordinate system rotated by 0 degree(s)
INFO: board_modifier.py:494: Adding track segment (F.Cu): [(321685000, 97472500), (337185000, 97472500)]
INFO: board_modifier.py:499: Track added
DEBUG: board_modifier.py:578: Routing at F.Cu layer
DEBUG: board_modifier.py:595: Netclass: Default, track width: 254000
DEBUG: board_modifier.py:658: Routing pad 'MX56:1' at (326447500, 116522500) with pad 'MX57:1' at (341947500, 116522500) using coordinate system rotated by 0 degree(s)
INFO: board_modifier.py:494: Adding track segment (F.Cu): [(326447500, 116522500), (341947500, 116522500)]
INFO: board_modifier.py:499: Track added
DEBUG: board_modifier.py:578: Routing at F.Cu layer
DEBUG: board_modifier.py:595: Netclass: Default, track width: 254000
DEBUG: board_modifier.py:658: Routing pad 'MX70:1' at (335972500, 135572500) with pad 'MX80:1' at (346710000, 154622500) using coordinate system rotated by 0 degree(s)
INFO: board_modifier.py:494: Adding track segment (F.Cu): [(335972500, 135572500), (335972500, 143885000)]
INFO: board_modifier.py:499: Track added
INFO: board_modifier.py:494: Adding track segment (F.Cu): [(335972500, 143885000), (346710000, 154622500)]
INFO: board_modifier.py:499: Track added
DEBUG: board_modifier.py:578: Routing at F.Cu layer
DEBUG: board_modifier.py:595: Netclass: Default, track width: 254000
DEBUG: board_modifier.py:658: Routing pad 'MX80:1' at (350260000, 154622500) with pad 'MX71:1' at (358616250, 135572500) using coordinate system rotated by 0 degree(s)
INFO: board_modifier.py:494: Adding track segment (F.Cu): [(350260000, 154622500), (350260000, 143928750)]
INFO: board_modifier.py:499: Track added
INFO: board_modifier.py:494: Adding track segment (F.Cu): [(350260000, 143928750), (358616250, 135572500)]
DEBUG: board_modifier.py:504: Could not add track segment due to detected collision
INFO: board_modifier.py:494: Adding track segment (F.Cu): [(350260000, 154622500), (358616250, 146266250)]
INFO: board_modifier.py:499: Track added
INFO: board_modifier.py:494: Adding track segment (F.Cu): [(358616250, 146266250), (358616250, 135572500)]
INFO: board_modifier.py:499: Track added
DEBUG: board_modifier.py:578: Routing at F.Cu layer
DEBUG: board_modifier.py:595: Netclass: Default, track width: 254000
DEBUG: board_modifier.py:658: Routing pad 'MX80:1' at (350260000, 154622500) with pad 'MX81:1' at (372903750, 159385000) using coordinate system rotated by 0 degree(s)
INFO: board_modifier.py:494: Adding track segment (F.Cu): [(350260000, 154622500), (368141250, 154622500)]
INFO: board_modifier.py:499: Track added
INFO: board_modifier.py:494: Adding track segment (F.Cu): [(368141250, 154622500), (372903750, 159385000)]
INFO: board_modifier.py:499: Track added
DEBUG: board_modifier.py:578: Routing at F.Cu layer
DEBUG: board_modifier.py:595: Netclass: Default, track width: 254000
DEBUG: board_modifier.py:658: Routing pad 'MX12:1' at (340735000, 54610000) with pad 'U1:8' at (385603750, 68897500) using coordinate system rotated by 0 degree(s)
INFO: board_modifier.py:494: Adding track segment (F.Cu): [(340735000, 54610000), (371316250, 54610000)]
DEBUG: board_modifier.py:504: Could not add track segment due to detected collision
INFO: board_modifier.py:494: Adding track segment (F.Cu): [(340735000, 54610000), (355022500, 68897500)]
INFO: board_modifier.py:499: Track added
INFO: board_modifier.py:494: Adding track segment (F.Cu): [(355022500, 68897500), (385603750, 68897500)]
DEBUG: board_modifier.py:504: Could not add track segment due to detected collision
DEBUG: key_placer.py:979: Routing Col 2 pads
DEBUG: board_modifier.py:578: Routing at F.Cu layer
DEBUG: board_modifier.py:595: Netclass: Default, track width: 254000
DEBUG: board_modifier.py:658: Routing pad 'MX20:1' at (197860000, 78422500) with pad 'MX5:1' at (199072500, 54610000) using coordinate system rotated by 0 degree(s)
INFO: board_modifier.py:494: Adding track segment (F.Cu): [(197860000, 78422500), (197860000, 55822500)]
INFO: board_modifier.py:499: Track added
INFO: board_modifier.py:494: Adding track segment (F.Cu): [(197860000, 55822500), (199072500, 54610000)]
INFO: board_modifier.py:499: Track added
DEBUG: board_modifier.py:578: Routing at F.Cu layer
DEBUG: board_modifier.py:595: Netclass: Default, track width: 254000
DEBUG: board_modifier.py:658: Routing pad 'MX20:1' at (197860000, 78422500) with pad 'MX35:1' at (203835000, 97472500) using coordinate system rotated by 0 degree(s)
INFO: board_modifier.py:494: Adding track segment (F.Cu): [(197860000, 78422500), (197860000, 91497500)]
INFO: board_modifier.py:499: Track added
INFO: board_modifier.py:494: Adding track segment (F.Cu): [(197860000, 91497500), (203835000, 97472500)]
INFO: board_modifier.py:499: Track added
DEBUG: board_modifier.py:578: Routing at F.Cu layer
DEBUG: board_modifier.py:595: Netclass: Default, track width: 254000
DEBUG: board_modifier.py:658: Routing pad 'MX35:1' at (207385000, 97472500) with pad 'MX50:1' at (208597500, 116522500) using coordinate system rotated by 0 degree(s)
INFO: board_modifier.py:494: Adding track segment (F.Cu): [(207385000, 97472500), (207385000, 115310000)]
INFO: board_modifier.py:499: Track added
INFO: board_modifier.py:494: Adding track segment (F.Cu): [(207385000, 115310000), (208597500, 116522500)]
INFO: board_modifier.py:499: Track added
DEBUG: board_modifier.py:578: Routing at F.Cu layer
DEBUG: board_modifier.py:595: Netclass: Default, track width: 254000
DEBUG: board_modifier.py:658: Routing pad 'MX20:1' at (197860000, 78422500) with pad 'MX21:1' at (213360000, 78422500) using coordinate system rotated by 0 degree(s)
INFO: board_modifier.py:494: Adding track segment (F.Cu): [(197860000, 78422500), (213360000, 78422500)]
INFO: board_modifier.py:499: Track added
DEBUG: board_modifier.py:578: Routing at F.Cu layer
DEBUG: board_modifier.py:595: Netclass: Default, track width: 254000
DEBUG: board_modifier.py:658: Routing pad 'MX5:1' at (202622500, 54610000) with pad 'MX6:1' at (218122500, 54610000) using coordinate system rotated by 0 degree(s)
INFO: board_modifier.py:494: Adding track segment (F.Cu): [(202622500, 54610000), (218122500, 54610000)]
INFO: board_modifier.py:499: Track added
DEBUG: board_modifier.py:578: Routing at F.Cu layer
DEBUG: board_modifier.py:595: Netclass: Default, track width: 254000
DEBUG: board_modifier.py:658: Routing pad 'MX50:1' at (212147500, 116522500) with pad 'MX64:1' at (218122500, 135572500) using coordinate system rotated by 0 degree(s)
INFO: board_modifier.py:494: Adding track segment (F.Cu): [(212147500, 116522500), (212147500, 129597500)]
INFO: board_modifier.py:499: Track added
INFO: board_modifier.py:494: Adding track segment (F.Cu): [(212147500, 129597500), (218122500, 135572500)]
INFO: board_modifier.py:499: Track added
DEBUG: board_modifier.py:578: Routing at F.Cu layer
DEBUG: board_modifier.py:595: Netclass: Default, track width: 254000
DEBUG: board_modifier.py:658: Routing pad 'MX35:1' at (207385000, 97472500) with pad 'MX36:1' at (222885000, 97472500) using coordinate system rotated by 0 degree(s)
INFO: board_modifier.py:494: Adding track segment (F.Cu): [(207385000, 97472500), (222885000, 97472500)]
INFO: board_modifier.py:499: Track added
DEBUG: board_modifier.py:578: Routing at F.Cu layer
DEBUG: board_modifier.py:595: Netclass: Default, track width: 254000
DEBUG: board_modifier.py:658: Routing pad 'MX50:1' at (212147500, 116522500) with pad 'MX51:1' at (227647500, 116522500) using coordinate system rotated by 0 degree(s)
INFO: board_modifier.py:494: Adding track segment (F.Cu): [(212147500, 116522500), (227647500, 116522500)]
INFO: board_modifier.py:499: Track added
DEBUG: board_modifier.py:578: Routing at F.Cu layer
DEBUG: board_modifier.py:595: Netclass: Default, track width: 254000
DEBUG: board_modifier.py:658: Routing pad 'MX64:1' at (221672500, 135572500) with pad 'MX65:1' at (237172500, 135572500) using coordinate system rotated by 0 degree(s)
INFO: board_modifier.py:494: Adding track segment (F.Cu): [(221672500, 135572500), (237172500, 135572500)]
INFO: board_modifier.py:499: Track added
DEBUG: board_modifier.py:578: Routing at F.Cu layer
DEBUG: board_modifier.py:595: Netclass: Default, track width: 254000
DEBUG: board_modifier.py:658: Routing pad 'MX65:1' at (240722500, 135572500) with pad 'U1:5' at (385603750, 61277500) using coordinate system rotated by 0 degree(s)
INFO: board_modifier.py:494: Adding track segment (F.Cu): [(240722500, 135572500), (311308750, 135572500)]
DEBUG: board_modifier.py:504: Could not add track segment due to detected collision
INFO: board_modifier.py:494: Adding track segment (F.Cu): [(240722500, 135572500), (315017500, 61277500)]
DEBUG: board_modifier.py:504: Could not add track segment due to detected collision
DEBUG: key_placer.py:979: Routing Row 4 pads
DEBUG: board_modifier.py:578: Routing at B.Cu layer
DEBUG: board_modifier.py:595: Netclass: Default, track width: 254000
DEBUG: board_modifier.py:658: Routing pad 'J4:2' at (105568750, 123507500) with pad 'D60:2' at (131286250, 143762500) using coordinate system rotated by 0 degree(s)
INFO: board_modifier.py:494: Adding track segment (B.Cu): [(105568750, 123507500), (111031250, 123507500)]
INFO: board_modifier.py:499: Track added
INFO: board_modifier.py:494: Adding track segment (B.Cu): [(111031250, 123507500), (131286250, 143762500)]
DEBUG: board_modifier.py:504: Could not add track segment due to detected collision
INFO: board_modifier.py:494: Adding track segment (B.Cu): [(105568750, 123507500), (125823750, 143762500)]
DEBUG: board_modifier.py:504: Could not add track segment due to detected collision
DEBUG: board_modifier.py:578: Routing at B.Cu layer
DEBUG: board_modifier.py:595: Netclass: Default, track width: 254000
DEBUG: board_modifier.py:658: Routing pad 'D60:2' at (131286250, 143762500) with pad 'D61:1' at (162242500, 143762500) using coordinate system rotated by 0 degree(s)
INFO: board_modifier.py:494: Adding track segment (B.Cu): [(131286250, 143762500), (162242500, 143762500)]
INFO: board_modifier.py:499: Track added
DEBUG: board_modifier.py:578: Routing at B.Cu layer
DEBUG: board_modifier.py:595: Netclass: Default, track width: 254000
DEBUG: board_modifier.py:658: Routing pad 'D61:1' at (162242500, 143762500) with pad 'D62:2' at (181292500, 143762500) using coordinate system rotated by 0 degree(s)
INFO: board_modifier.py:494: Adding track segment (B.Cu): [(162242500, 143762500), (181292500, 143762500)]
INFO: board_modifier.py:499: Track added
DEBUG: board_modifier.py:578: Routing at B.Cu layer
DEBUG: board_modifier.py:595: Netclass: Default, track width: 254000
DEBUG: board_modifier.py:658: Routing pad 'D62:2' at (181292500, 143762500) with pad 'D63:1' at (200342500, 143762500) using coordinate system rotated by 0 degree(s)
INFO: board_modifier.py:494: Adding track segment (B.Cu): [(181292500, 143762500), (200342500, 143762500)]
INFO: board_modifier.py:499: Track added
DEBUG: board_modifier.py:578: Routing at B.Cu layer
DEBUG: board_modifier.py:595: Netclass: Default, track width: 254000
DEBUG: board_modifier.py:658: Routing pad 'D63:1' at (200342500, 143762500) with pad 'D64:2' at (219392500, 143762500) using coordinate system rotated by 0 degree(s)
INFO: board_modifier.py:494: Adding track segment (B.Cu): [(200342500, 143762500), (219392500, 143762500)]
INFO: board_modifier.py:499: Track added
DEBUG: board_modifier.py:578: Routing at B.Cu layer
DEBUG: board_modifier.py:595: Netclass: Default, track width: 254000
DEBUG: board_modifier.py:658: Routing pad 'D64:2' at (219392500, 143762500) with pad 'D65:1' at (238442500, 143762500) using coordinate system rotated by 0 degree(s)
INFO: board_modifier.py:494: Adding track segment (B.Cu): [(219392500, 143762500), (238442500, 143762500)]
INFO: board_modifier.py:499: Track added
DEBUG: board_modifier.py:578: Routing at B.Cu layer
DEBUG: board_modifier.py:595: Netclass: Default, track width: 254000
DEBUG: board_modifier.py:658: Routing pad 'D65:1' at (238442500, 143762500) with pad 'D66:2' at (257492500, 143762500) using coordinate system rotated by 0 degree(s)
INFO: board_modifier.py:494: Adding track segment (B.Cu): [(238442500, 143762500), (257492500, 143762500)]
INFO: board_modifier.py:499: Track added
DEBUG: board_modifier.py:578: Routing at B.Cu layer
DEBUG: board_modifier.py:595: Netclass: Default, track width: 254000
DEBUG: board_modifier.py:658: Routing pad 'D66:2' at (257492500, 143762500) with pad 'D67:1' at (276542500, 143762500) using coordinate system rotated by 0 degree(s)
INFO: board_modifier.py:494: Adding track segment (B.Cu): [(257492500, 143762500), (276542500, 143762500)]
INFO: board_modifier.py:499: Track added
DEBUG: board_modifier.py:578: Routing at B.Cu layer
DEBUG: board_modifier.py:595: Netclass: Default, track width: 254000
DEBUG: board_modifier.py:658: Routing pad 'D67:1' at (276542500, 143762500) with pad 'D68:2' at (295592500, 143762500) using coordinate system rotated by 0 degree(s)
INFO: board_modifier.py:494: Adding track segment (B.Cu): [(276542500, 143762500), (295592500, 143762500)]
INFO: board_modifier.py:499: Track added
DEBUG: board_modifier.py:578: Routing at B.Cu layer
DEBUG: board_modifier.py:595: Netclass: Default, track width: 254000
DEBUG: board_modifier.py:658: Routing pad 'D68:2' at (295592500, 143762500) with pad 'D69:1' at (314642500, 143762500) using coordinate system rotated by 0 degree(s)
INFO: board_modifier.py:494: Adding track segment (B.Cu): [(295592500, 143762500), (314642500, 143762500)]
INFO: board_modifier.py:499: Track added
DEBUG: board_modifier.py:578: Routing at B.Cu layer
DEBUG: board_modifier.py:595: Netclass: Default, track width: 254000
DEBUG: board_modifier.py:658: Routing pad 'D69:1' at (314642500, 143762500) with pad 'D70:2' at (333692500, 143762500) using coordinate system rotated by 0 degree(s)
INFO: board_modifier.py:494: Adding track segment (B.Cu): [(314642500, 143762500), (333692500, 143762500)]
INFO: board_modifier.py:499: Track added
DEBUG: board_modifier.py:578: Routing at B.Cu layer
DEBUG: board_modifier.py:595: Netclass: Default, track width: 254000
DEBUG: board_modifier.py:658: Routing pad 'D70:2' at (333692500, 143762500) with pad 'D71:1' at (359886250, 143762500) using coordinate system rotated by 0 degree(s)
INFO: board_modifier.py:494: Adding track segment (B.Cu): [(333692500, 143762500), (359886250, 143762500)]
INFO: board_modifier.py:499: Track added
DEBUG: board_modifier.py:578: Routing at B.Cu layer
DEBUG: board_modifier.py:595: Netclass: Default, track width: 254000
DEBUG: board_modifier.py:658: Routing pad 'D71:1' at (359886250, 143762500) with pad 'D73:1' at (393223750, 148525000) using coordinate system rotated by 0 degree(s)
INFO: board_modifier.py:494: Adding track segment (B.Cu): [(359886250, 143762500), (388461250, 143762500)]
DEBUG: board_modifier.py:504: Could not add track segment due to detected collision
INFO: board_modifier.py:494: Adding track segment (B.Cu): [(359886250, 143762500), (364648750, 148525000)]
INFO: board_modifier.py:499: Track added
INFO: board_modifier.py:494: Adding track segment (B.Cu): [(364648750, 148525000), (393223750, 148525000)]
INFO: board_modifier.py:499: Track added
DEBUG: board_modifier.py:578: Routing at B.Cu layer
DEBUG: board_modifier.py:595: Netclass: Default, track width: 254000
DEBUG: board_modifier.py:658: Routing pad 'D73:1' at (393223750, 148525000) with pad 'D72:2' at (419417500, 143762500) using coordinate system rotated by 0 degree(s)
INFO: board_modifier.py:494: Adding track segment (B.Cu): [(393223750, 148525000), (414655000, 148525000)]
INFO: board_modifier.py:499: Track added
INFO: board_modifier.py:494: Adding track segment (B.Cu): [(414655000, 148525000), (419417500, 143762500)]
INFO: board_modifier.py:499: Track added
DEBUG: board_modifier.py:578: Routing at B.Cu layer
DEBUG: board_modifier.py:595: Netclass: Default, track width: 254000
DEBUG: board_modifier.py:658: Routing pad 'D72:2' at (419417500, 143762500) with pad 'J5:2' at (423068750, 123507500) using coordinate system rotated by 0 degree(s)
INFO: board_modifier.py:494: Adding track segment (B.Cu): [(419417500, 143762500), (419417500, 127158750)]
DEBUG: board_modifier.py:504: Could not add track segment due to detected collision
INFO: board_modifier.py:494: Adding track segment (B.Cu): [(419417500, 143762500), (423068750, 140111250)]
INFO: board_modifier.py:499: Track added
INFO: board_modifier.py:494: Adding track segment (B.Cu): [(423068750, 140111250), (423068750, 123507500)]
DEBUG: board_modifier.py:504: Could not add track segment due to detected collision
DEBUG: key_placer.py:979: Routing Col 4 pads
DEBUG: board_modifier.py:578: Routing at F.Cu layer
DEBUG: board_modifier.py:595: Netclass: Default, track width: 254000
DEBUG: board_modifier.py:658: Routing pad 'MX24:1' at (274060000, 78422500) with pad 'MX9:1' at (280035000, 54610000) using coordinate system rotated by 0 degree(s)
INFO: board_modifier.py:494: Adding track segment (F.Cu): [(274060000, 78422500), (274060000, 60585000)]
INFO: board_modifier.py:499: Track added
INFO: board_modifier.py:494: Adding track segment (F.Cu): [(274060000, 60585000), (280035000, 54610000)]
DEBUG: board_modifier.py:504: Could not add track segment due to detected collision
INFO: board_modifier.py:494: Adding track segment (F.Cu): [(274060000, 78422500), (280035000, 72447500)]
INFO: board_modifier.py:499: Track added
INFO: board_modifier.py:494: Adding track segment (F.Cu): [(280035000, 72447500), (280035000, 54610000)]
INFO: board_modifier.py:499: Track added
DEBUG: board_modifier.py:578: Routing at F.Cu layer
DEBUG: board_modifier.py:595: Netclass: Default, track width: 254000
DEBUG: board_modifier.py:658: Routing pad 'MX24:1' at (274060000, 78422500) with pad 'MX39:1' at (280035000, 97472500) using coordinate system rotated by 0 degree(s)
INFO: board_modifier.py:494: Adding track segment (F.Cu): [(274060000, 78422500), (274060000, 91497500)]
INFO: board_modifier.py:499: Track added
INFO: board_modifier.py:494: Adding track segment (F.Cu): [(274060000, 91497500), (280035000, 97472500)]
INFO: board_modifier.py:499: Track added
DEBUG: board_modifier.py:578: Routing at F.Cu layer
DEBUG: board_modifier.py:595: Netclass: Default, track width: 254000
DEBUG: board_modifier.py:658: Routing pad 'MX39:1' at (283585000, 97472500) with pad 'MX54:1' at (284797500, 116522500) using coordinate system rotated by 0 degree(s)
INFO: board_modifier.py:494: Adding track segment (F.Cu): [(283585000, 97472500), (283585000, 115310000)]
INFO: board_modifier.py:499: Track added
INFO: board_modifier.py:494: Adding track segment (F.Cu): [(283585000, 115310000), (284797500, 116522500)]
INFO: board_modifier.py:499: Track added
DEBUG: board_modifier.py:578: Routing at F.Cu layer
DEBUG: board_modifier.py:595: Netclass: Default, track width: 254000
DEBUG: board_modifier.py:658: Routing pad 'MX24:1' at (274060000, 78422500) with pad 'MX25:1' at (289560000, 78422500) using coordinate system rotated by 0 degree(s)
INFO: board_modifier.py:494: Adding track segment (F.Cu): [(274060000, 78422500), (289560000, 78422500)]
INFO: board_modifier.py:499: Track added
DEBUG: board_modifier.py:578: Routing at F.Cu layer
DEBUG: board_modifier.py:595: Netclass: Default, track width: 254000
DEBUG: board_modifier.py:658: Routing pad 'MX54:1' at (288347500, 116522500) with pad 'MX68:1' at (294322500, 135572500) using coordinate system rotated by 0 degree(s)
INFO: board_modifier.py:494: Adding track segment (F.Cu): [(288347500, 116522500), (288347500, 129597500)]
INFO: board_modifier.py:499: Track added
INFO: board_modifier.py:494: Adding track segment (F.Cu): [(288347500, 129597500), (294322500, 135572500)]
INFO: board_modifier.py:499: Track added
DEBUG: board_modifier.py:578: Routing at F.Cu layer
DEBUG: board_modifier.py:595: Netclass: Default, track width: 254000
DEBUG: board_modifier.py:658: Routing pad 'MX9:1' at (283585000, 54610000) with pad 'MX10:1' at (299085000, 54610000) using coordinate system rotated by 0 degree(s)
INFO: board_modifier.py:494: Adding track segment (F.Cu): [(283585000, 54610000), (299085000, 54610000)]
INFO: board_modifier.py:499: Track added
DEBUG: board_modifier.py:578: Routing at F.Cu layer
DEBUG: board_modifier.py:595: Netclass: Default, track width: 254000
DEBUG: board_modifier.py:658: Routing pad 'MX39:1' at (283585000, 97472500) with pad 'MX40:1' at (299085000, 97472500) using coordinate system rotated by 0 degree(s)
INFO: board_modifier.py:494: Adding track segment (F.Cu): [(283585000, 97472500), (299085000, 97472500)]
INFO: board_modifier.py:499: Track added
DEBUG: board_modifier.py:578: Routing at F.Cu layer
DEBUG: board_modifier.py:595: Netclass: Default, track width: 254000
DEBUG: board_modifier.py:658: Routing pad 'MX54:1' at (288347500, 116522500) with pad 'MX55:1' at (303847500, 116522500) using coordinate system rotated by 0 degree(s)
INFO: board_modifier.py:494: Adding track segment (F.Cu): [(288347500, 116522500), (303847500, 116522500)]
INFO: board_modifier.py:499: Track added
DEBUG: board_modifier.py:578: Routing at F.Cu layer
DEBUG: board_modifier.py:595: Netclass: Default, track width: 254000
DEBUG: board_modifier.py:658: Routing pad 'MX69:1' at (313372500, 135572500) with pad 'MX78:1' at (312160000, 154622500) using coordinate system rotated by 0 degree(s)
INFO: board_modifier.py:494: Adding track segment (F.Cu): [(313372500, 135572500), (313372500, 153410000)]
INFO: board_modifier.py:499: Track added
INFO: board_modifier.py:494: Adding track segment (F.Cu): [(313372500, 153410000), (312160000, 154622500)]
INFO: board_modifier.py:499: Track added
DEBUG: board_modifier.py:578: Routing at F.Cu layer
DEBUG: board_modifier.py:595: Netclass: Default, track width: 254000
DEBUG: board_modifier.py:658: Routing pad 'MX68:1' at (297872500, 135572500) with pad 'MX69:1' at (313372500, 135572500) using coordinate system rotated by 0 degree(s)
INFO: board_modifier.py:494: Adding track segment (F.Cu): [(297872500, 135572500), (313372500, 135572500)]
INFO: board_modifier.py:499: Track added
DEBUG: board_modifier.py:578: Routing at F.Cu layer
DEBUG: board_modifier.py:595: Netclass: Default, track width: 254000
DEBUG: board_modifier.py:658: Routing pad 'MX78:1' at (312160000, 154622500) with pad 'MX79:1' at (327660000, 154622500) using coordinate system rotated by 0 degree(s)
INFO: board_modifier.py:494: Adding track segment (F.Cu): [(312160000, 154622500), (327660000, 154622500)]
INFO: board_modifier.py:499: Track added
DEBUG: board_modifier.py:578: Routing at F.Cu layer
DEBUG: board_modifier.py:595: Netclass: Default, track width: 254000
DEBUG: board_modifier.py:658: Routing pad 'MX10:1' at (302635000, 54610000) with pad 'U1:7' at (385603750, 66357500) using coordinate system rotated by 0 degree(s)
INFO: board_modifier.py:494: Adding track segment (F.Cu): [(302635000, 54610000), (373856250, 54610000)]
DEBUG: board_modifier.py:504: Could not add track segment due to detected collision
INFO: board_modifier.py:494: Adding track segment (F.Cu): [(302635000, 54610000), (314382500, 66357500)]
DEBUG: board_modifier.py:504: Could not add track segment due to detected collision
DEBUG: key_placer.py:979: Routing Col 7 pads
DEBUG: board_modifier.py:578: Routing at F.Cu layer
DEBUG: board_modifier.py:595: Netclass: Default, track width: 254000
DEBUG: board_modifier.py:658: Routing pad 'MX30:1' at (418147500, 78422500) with pad 'U1:22' at (400843750, 73977500) using coordinate system rotated by 0 degree(s)
INFO: board_modifier.py:494: Adding track segment (F.Cu): [(418147500, 78422500), (405288750, 78422500)]
INFO: board_modifier.py:499: Track added
INFO: board_modifier.py:494: Adding track segment (F.Cu): [(405288750, 78422500), (400843750, 73977500)]
INFO: board_modifier.py:499: Track added
DEBUG: board_modifier.py:578: Routing at F.Cu layer
DEBUG: board_modifier.py:595: Netclass: Default, track width: 254000
DEBUG: board_modifier.py:658: Routing pad 'MX73:1' at (395503750, 140335000) with pad 'MX83:1' at (411003750, 159385000) using coordinate system rotated by 0 degree(s)
INFO: board_modifier.py:494: Adding track segment (F.Cu): [(395503750, 140335000), (395503750, 143885000)]
INFO: board_modifier.py:499: Track added
INFO: board_modifier.py:494: Adding track segment (F.Cu): [(395503750, 143885000), (411003750, 159385000)]
INFO: board_modifier.py:499: Track added
DEBUG: board_modifier.py:578: Routing at F.Cu layer
DEBUG: board_modifier.py:595: Netclass: Default, track width: 254000
DEBUG: board_modifier.py:658: Routing pad 'MX30:1' at (418147500, 78422500) with pad 'MX15:1' at (418147500, 54610000) using coordinate system rotated by 0 degree(s)
INFO: board_modifier.py:494: Adding track segment (F.Cu): [(418147500, 78422500), (418147500, 54610000)]
INFO: board_modifier.py:499: Track added
DEBUG: board_modifier.py:578: Routing at F.Cu layer
DEBUG: board_modifier.py:595: Netclass: Default, track width: 254000
DEBUG: board_modifier.py:658: Routing pad 'MX45:1' at (418147500, 97472500) with pad 'MX30:1' at (418147500, 78422500) using coordinate system rotated by 0 degree(s)
INFO: board_modifier.py:494: Adding track segment (F.Cu): [(418147500, 97472500), (418147500, 78422500)]
INFO: board_modifier.py:499: Track added
DEBUG: board_modifier.py:578: Routing at F.Cu layer
DEBUG: board_modifier.py:595: Netclass: Default, track width: 254000
DEBUG: board_modifier.py:658: Routing pad 'MX59:1' at (418147500, 116522500) with pad 'MX45:1' at (418147500, 97472500) using coordinate system rotated by 0 degree(s)
INFO: board_modifier.py:494: Adding track segment (F.Cu): [(418147500, 116522500), (418147500, 97472500)]
INFO: board_modifier.py:499: Track added
DEBUG: board_modifier.py:578: Routing at F.Cu layer
DEBUG: board_modifier.py:595: Netclass: Default, track width: 254000
DEBUG: board_modifier.py:658: Routing pad 'MX73:1' at (395503750, 140335000) with pad 'MX59:1' at (418147500, 116522500) using coordinate system rotated by 0 degree(s)
INFO: board_modifier.py:494: Adding track segment (F.Cu): [(395503750, 140335000), (395503750, 139166250)]
INFO: board_modifier.py:499: Track added
INFO: board_modifier.py:494: Adding track segment (F.Cu): [(395503750, 139166250), (418147500, 116522500)]
DEBUG: board_modifier.py:504: Could not add track segment due to detected collision
INFO: board_modifier.py:494: Adding track segment (F.Cu): [(395503750, 140335000), (418147500, 117691250)]
DEBUG: board_modifier.py:504: Could not add track segment due to detected collision
DEBUG: key_placer.py:979: Routing Row 3 pads
DEBUG: board_modifier.py:578: Routing at B.Cu layer
DEBUG: board_modifier.py:595: Netclass: Default, track width: 254000
DEBUG: board_modifier.py:658: Routing pad 'J4:1' at (105568750, 120967500) with pad 'D46:2' at (126523750, 124712500) using coordinate system rotated by 0 degree(s)
INFO: board_modifier.py:494: Adding track segment (B.Cu): [(105568750, 120967500), (122778750, 120967500)]
DEBUG: board_modifier.py:504: Could not add track segment due to detected collision
INFO: board_modifier.py:494: Adding track segment (B.Cu): [(105568750, 120967500), (109313750, 124712500)]
DEBUG: board_modifier.py:504: Could not add track segment due to detected collision
DEBUG: board_modifier.py:578: Routing at B.Cu layer
DEBUG: board_modifier.py:595: Netclass: Default, track width: 254000
DEBUG: board_modifier.py:658: Routing pad 'D46:2' at (126523750, 124712500) with pad 'D47:1' at (152717500, 124712500) using coordinate system rotated by 0 degree(s)
INFO: board_modifier.py:494: Adding track segment (B.Cu): [(126523750, 124712500), (152717500, 124712500)]
INFO: board_modifier.py:499: Track added
DEBUG: board_modifier.py:578: Routing at B.Cu layer
DEBUG: board_modifier.py:595: Netclass: Default, track width: 254000
DEBUG: board_modifier.py:658: Routing pad 'D47:1' at (152717500, 124712500) with pad 'D48:2' at (171767500, 124712500) using coordinate system rotated by 0 degree(s)
INFO: board_modifier.py:494: Adding track segment (B.Cu): [(152717500, 124712500), (171767500, 124712500)]
INFO: board_modifier.py:499: Track added
DEBUG: board_modifier.py:578: Routing at B.Cu layer
DEBUG: board_modifier.py:595: Netclass: Default, track width: 254000
DEBUG: board_modifier.py:658: Routing pad 'D48:2' at (171767500, 124712500) with pad 'D49:1' at (190817500, 124712500) using coordinate system rotated by 0 degree(s)
INFO: board_modifier.py:494: Adding track segment (B.Cu): [(171767500, 124712500), (190817500, 124712500)]
INFO: board_modifier.py:499: Track added
DEBUG: board_modifier.py:578: Routing at B.Cu layer
DEBUG: board_modifier.py:595: Netclass: Default, track width: 254000
DEBUG: board_modifier.py:658: Routing pad 'D49:1' at (190817500, 124712500) with pad 'D50:2' at (209867500, 124712500) using coordinate system rotated by 0 degree(s)
INFO: board_modifier.py:494: Adding track segment (B.Cu): [(190817500, 124712500), (209867500, 124712500)]
INFO: board_modifier.py:499: Track added
DEBUG: board_modifier.py:578: Routing at B.Cu layer
DEBUG: board_modifier.py:595: Netclass: Default, track width: 254000
DEBUG: board_modifier.py:658: Routing pad 'D50:2' at (209867500, 124712500) with pad 'D51:1' at (228917500, 124712500) using coordinate system rotated by 0 degree(s)
INFO: board_modifier.py:494: Adding track segment (B.Cu): [(209867500, 124712500), (228917500, 124712500)]
INFO: board_modifier.py:499: Track added
DEBUG: board_modifier.py:578: Routing at B.Cu layer
DEBUG: board_modifier.py:595: Netclass: Default, track width: 254000
DEBUG: board_modifier.py:658: Routing pad 'D51:1' at (228917500, 124712500) with pad 'D52:2' at (247967500, 124712500) using coordinate system rotated by 0 degree(s)
INFO: board_modifier.py:494: Adding track segment (B.Cu): [(228917500, 124712500), (247967500, 124712500)]
INFO: board_modifier.py:499: Track added
DEBUG: board_modifier.py:578: Routing at B.Cu layer
DEBUG: board_modifier.py:595: Netclass: Default, track width: 254000
DEBUG: board_modifier.py:658: Routing pad 'D52:2' at (247967500, 124712500) with pad 'D53:1' at (267017500, 124712500) using coordinate system rotated by 0 degree(s)
INFO: board_modifier.py:494: Adding track segment (B.Cu): [(247967500, 124712500), (267017500, 124712500)]
INFO: board_modifier.py:499: Track added
DEBUG: board_modifier.py:578: Routing at B.Cu layer
DEBUG: board_modifier.py:595: Netclass: Default, track width: 254000
DEBUG: board_modifier.py:658: Routing pad 'D53:1' at (267017500, 124712500) with pad 'D54:2' at (286067500, 124712500) using coordinate system rotated by 0 degree(s)
INFO: board_modifier.py:494: Adding track segment (B.Cu): [(267017500, 124712500), (286067500, 124712500)]
INFO: board_modifier.py:499: Track added
DEBUG: board_modifier.py:578: Routing at B.Cu layer
DEBUG: board_modifier.py:595: Netclass: Default, track width: 254000
DEBUG: board_modifier.py:658: Routing pad 'D54:2' at (286067500, 124712500) with pad 'D55:1' at (305117500, 124712500) using coordinate system rotated by 0 degree(s)
INFO: board_modifier.py:494: Adding track segment (B.Cu): [(286067500, 124712500), (305117500, 124712500)]
INFO: board_modifier.py:499: Track added
DEBUG: board_modifier.py:578: Routing at B.Cu layer
DEBUG: board_modifier.py:595: Netclass: Default, track width: 254000
DEBUG: board_modifier.py:658: Routing pad 'D55:1' at (305117500, 124712500) with pad 'D56:2' at (324167500, 124712500) using coordinate system rotated by 0 degree(s)
INFO: board_modifier.py:494: Adding track segment (B.Cu): [(305117500, 124712500), (324167500, 124712500)]
INFO: board_modifier.py:499: Track added
DEBUG: board_modifier.py:578: Routing at B.Cu layer
DEBUG: board_modifier.py:595: Netclass: Default, track width: 254000
DEBUG: board_modifier.py:658: Routing pad 'D56:2' at (324167500, 124712500) with pad 'D57:1' at (343217500, 124712500) using coordinate system rotated by 0 degree(s)
INFO: board_modifier.py:494: Adding track segment (B.Cu): [(324167500, 124712500), (343217500, 124712500)]
INFO: board_modifier.py:499: Track added
DEBUG: board_modifier.py:578: Routing at B.Cu layer
DEBUG: board_modifier.py:595: Netclass: Default, track width: 254000
DEBUG: board_modifier.py:658: Routing pad 'D57:1' at (343217500, 124712500) with pad 'D58:2' at (374173750, 124712500) using coordinate system rotated by 0 degree(s)
INFO: board_modifier.py:494: Adding track segment (B.Cu): [(343217500, 124712500), (374173750, 124712500)]
INFO: board_modifier.py:499: Track added
DEBUG: board_modifier.py:578: Routing at B.Cu layer
DEBUG: board_modifier.py:595: Netclass: Default, track width: 254000
DEBUG: board_modifier.py:658: Routing pad 'D58:2' at (374173750, 124712500) with pad 'D59:1' at (419417500, 124712500) using coordinate system rotated by 0 degree(s)
INFO: board_modifier.py:494: Adding track segment (B.Cu): [(374173750, 124712500), (419417500, 124712500)]
INFO: board_modifier.py:499: Track added
DEBUG: board_modifier.py:578: Routing at B.Cu layer
DEBUG: board_modifier.py:595: Netclass: Default, track width: 254000
DEBUG: board_modifier.py:658: Routing pad 'D59:1' at (419417500, 124712500) with pad 'J5:1' at (423068750, 120967500) using coordinate system rotated by 0 degree(s)
INFO: board_modifier.py:494: Adding track segment (B.Cu): [(419417500, 124712500), (419417500, 124618750)]
INFO: board_modifier.py:499: Track added
INFO: board_modifier.py:494: Adding track segment (B.Cu): [(419417500, 124618750), (423068750, 120967500)]
INFO: board_modifier.py:499: Track added
DEBUG: key_placer.py:979: Routing Row 5 pads
DEBUG: board_modifier.py:578: Routing at B.Cu layer
DEBUG: board_modifier.py:595: Netclass: Default, track width: 254000
DEBUG: board_modifier.py:658: Routing pad 'J4:3' at (105568750, 126047500) with pad 'D74:2' at (121761250, 162812500) using coordinate system rotated by 0 degree(s)
INFO: board_modifier.py:494: Adding track segment (B.Cu): [(105568750, 126047500), (105568750, 146620000)]
DEBUG: board_modifier.py:504: Could not add track segment due to detected collision
INFO: board_modifier.py:494: Adding track segment (B.Cu): [(105568750, 126047500), (121761250, 142240000)]
INFO: board_modifier.py:499: Track added
INFO: board_modifier.py:494: Adding track segment (B.Cu): [(121761250, 142240000), (121761250, 162812500)]
DEBUG: board_modifier.py:504: Could not add track segment due to detected collision
DEBUG: board_modifier.py:578: Routing at B.Cu layer
DEBUG: board_modifier.py:595: Netclass: Default, track width: 254000
DEBUG: board_modifier.py:658: Routing pad 'D74:2' at (121761250, 162812500) with pad 'D75:1' at (145573750, 162812500) using coordinate system rotated by 0 degree(s)
INFO: board_modifier.py:494: Adding track segment (B.Cu): [(121761250, 162812500), (145573750, 162812500)]
INFO: board_modifier.py:499: Track added
DEBUG: board_modifier.py:578: Routing at B.Cu layer
DEBUG: board_modifier.py:595: Netclass: Default, track width: 254000
DEBUG: board_modifier.py:658: Routing pad 'D75:1' at (145573750, 162812500) with pad 'D76:2' at (169386250, 162812500) using coordinate system rotated by 0 degree(s)
INFO: board_modifier.py:494: Adding track segment (B.Cu): [(145573750, 162812500), (169386250, 162812500)]
INFO: board_modifier.py:499: Track added
DEBUG: board_modifier.py:578: Routing at B.Cu layer
DEBUG: board_modifier.py:595: Netclass: Default, track width: 254000
DEBUG: board_modifier.py:658: Routing pad 'D76:2' at (169386250, 162812500) with pad 'D77:2' at (240823750, 162812500) using coordinate system rotated by 0 degree(s)
INFO: board_modifier.py:494: Adding track segment (B.Cu): [(169386250, 162812500), (240823750, 162812500)]
INFO: board_modifier.py:499: Track added
DEBUG: board_modifier.py:578: Routing at B.Cu layer
DEBUG: board_modifier.py:595: Netclass: Default, track width: 254000
DEBUG: board_modifier.py:658: Routing pad 'D77:2' at (240823750, 162812500) with pad 'D78:2' at (309880000, 162812500) using coordinate system rotated by 0 degree(s)
INFO: board_modifier.py:494: Adding track segment (B.Cu): [(240823750, 162812500), (309880000, 162812500)]
INFO: board_modifier.py:499: Track added
DEBUG: board_modifier.py:578: Routing at B.Cu layer
DEBUG: board_modifier.py:595: Netclass: Default, track width: 254000
DEBUG: board_modifier.py:658: Routing pad 'D78:2' at (309880000, 162812500) with pad 'D79:1' at (328930000, 162812500) using coordinate system rotated by 0 degree(s)
INFO: board_modifier.py:494: Adding track segment (B.Cu): [(309880000, 162812500), (328930000, 162812500)]
INFO: board_modifier.py:499: Track added
DEBUG: board_modifier.py:578: Routing at B.Cu layer
DEBUG: board_modifier.py:595: Netclass: Default, track width: 254000
DEBUG: board_modifier.py:658: Routing pad 'D79:1' at (328930000, 162812500) with pad 'D80:2' at (347980000, 162812500) using coordinate system rotated by 0 degree(s)
INFO: board_modifier.py:494: Adding track segment (B.Cu): [(328930000, 162812500), (347980000, 162812500)]
INFO: board_modifier.py:499: Track added
DEBUG: board_modifier.py:578: Routing at B.Cu layer
DEBUG: board_modifier.py:595: Netclass: Default, track width: 254000
DEBUG: board_modifier.py:658: Routing pad 'D80:2' at (347980000, 162812500) with pad 'D81:1' at (374173750, 167575000) using coordinate system rotated by 0 degree(s)
INFO: board_modifier.py:494: Adding track segment (B.Cu): [(347980000, 162812500), (369411250, 162812500)]
DEBUG: board_modifier.py:504: Could not add track segment due to detected collision
INFO: board_modifier.py:494: Adding track segment (B.Cu): [(347980000, 162812500), (352742500, 167575000)]
INFO: board_modifier.py:499: Track added
INFO: board_modifier.py:494: Adding track segment (B.Cu): [(352742500, 167575000), (374173750, 167575000)]
INFO: board_modifier.py:499: Track added
DEBUG: board_modifier.py:578: Routing at F.Cu layer
DEBUG: board_modifier.py:595: Netclass: Default, track width: 254000
DEBUG: board_modifier.py:658: Routing pad 'J5:3' at (423068750, 126047500) with pad 'U1:10' at (385603750, 73977500) using coordinate system rotated by 0 degree(s)
INFO: board_modifier.py:494: Adding track segment (F.Cu): [(423068750, 126047500), (423068750, 111442500)]
DEBUG: board_modifier.py:504: Could not add track segment due to detected collision
INFO: board_modifier.py:494: Adding track segment (F.Cu): [(423068750, 126047500), (385603750, 88582500)]
DEBUG: board_modifier.py:504: Could not add track segment due to detected collision
DEBUG: board_modifier.py:578: Routing at B.Cu layer
DEBUG: board_modifier.py:595: Netclass: Default, track width: 254000
DEBUG: board_modifier.py:658: Routing pad 'D81:1' at (374173750, 167575000) with pad 'D82:2' at (393223750, 167575000) using coordinate system rotated by 0 degree(s)
INFO: board_modifier.py:494: Adding track segment (B.Cu): [(374173750, 167575000), (393223750, 167575000)]
INFO: board_modifier.py:499: Track added
DEBUG: board_modifier.py:578: Routing at B.Cu layer
DEBUG: board_modifier.py:595: Netclass: Default, track width: 254000
DEBUG: board_modifier.py:658: Routing pad 'D82:2' at (393223750, 167575000) with pad 'D83:1' at (412273750, 167575000) using coordinate system rotated by 0 degree(s)
INFO: board_modifier.py:494: Adding track segment (B.Cu): [(393223750, 167575000), (412273750, 167575000)]
INFO: board_modifier.py:499: Track added
DEBUG: board_modifier.py:578: Routing at B.Cu layer
DEBUG: board_modifier.py:595: Netclass: Default, track width: 254000
DEBUG: board_modifier.py:658: Routing pad 'D83:1' at (412273750, 167575000) with pad 'J5:3' at (423068750, 126047500) using coordinate system rotated by 0 degree(s)
INFO: board_modifier.py:494: Adding track segment (B.Cu): [(412273750, 167575000), (412273750, 136842500)]
DEBUG: board_modifier.py:504: Could not add track segment due to detected collision
INFO: board_modifier.py:494: Adding track segment (B.Cu): [(412273750, 167575000), (423068750, 156780000)]
INFO: board_modifier.py:499: Track added
INFO: board_modifier.py:494: Adding track segment (B.Cu): [(423068750, 156780000), (423068750, 126047500)]
DEBUG: board_modifier.py:504: Could not add track segment due to detected collision
DEBUG: key_placer.py:979: Routing Col 3 pads
DEBUG: board_modifier.py:578: Routing at F.Cu layer
DEBUG: board_modifier.py:595: Netclass: Default, track width: 254000
DEBUG: board_modifier.py:658: Routing pad 'MX22:1' at (235960000, 78422500) with pad 'MX7:1' at (237172500, 54610000) using coordinate system rotated by 0 degree(s)
INFO: board_modifier.py:494: Adding track segment (F.Cu): [(235960000, 78422500), (235960000, 55822500)]
INFO: board_modifier.py:499: Track added
INFO: board_modifier.py:494: Adding track segment (F.Cu): [(235960000, 55822500), (237172500, 54610000)]
INFO: board_modifier.py:499: Track added
DEBUG: board_modifier.py:578: Routing at F.Cu layer
DEBUG: board_modifier.py:595: Netclass: Default, track width: 254000
DEBUG: board_modifier.py:658: Routing pad 'MX22:1' at (235960000, 78422500) with pad 'MX37:1' at (241935000, 97472500) using coordinate system rotated by 0 degree(s)
INFO: board_modifier.py:494: Adding track segment (F.Cu): [(235960000, 78422500), (235960000, 91497500)]
INFO: board_modifier.py:499: Track added
INFO: board_modifier.py:494: Adding track segment (F.Cu): [(235960000, 91497500), (241935000, 97472500)]
INFO: board_modifier.py:499: Track added
DEBUG: board_modifier.py:578: Routing at F.Cu layer
DEBUG: board_modifier.py:595: Netclass: Default, track width: 254000
DEBUG: board_modifier.py:658: Routing pad 'MX66:1' at (256222500, 135572500) with pad 'MX77:1' at (243103750, 154622500) using coordinate system rotated by 0 degree(s)
INFO: board_modifier.py:494: Adding track segment (F.Cu): [(256222500, 135572500), (256222500, 141503750)]
INFO: board_modifier.py:499: Track added
INFO: board_modifier.py:494: Adding track segment (F.Cu): [(256222500, 141503750), (243103750, 154622500)]
INFO: board_modifier.py:499: Track added
DEBUG: board_modifier.py:578: Routing at F.Cu layer
DEBUG: board_modifier.py:595: Netclass: Default, track width: 254000
DEBUG: board_modifier.py:658: Routing pad 'MX37:1' at (245485000, 97472500) with pad 'MX52:1' at (246697500, 116522500) using coordinate system rotated by 0 degree(s)
INFO: board_modifier.py:494: Adding track segment (F.Cu): [(245485000, 97472500), (245485000, 115310000)]
INFO: board_modifier.py:499: Track added
INFO: board_modifier.py:494: Adding track segment (F.Cu): [(245485000, 115310000), (246697500, 116522500)]
INFO: board_modifier.py:499: Track added
DEBUG: board_modifier.py:578: Routing at F.Cu layer
DEBUG: board_modifier.py:595: Netclass: Default, track width: 254000
DEBUG: board_modifier.py:658: Routing pad 'MX22:1' at (235960000, 78422500) with pad 'MX23:1' at (251460000, 78422500) using coordinate system rotated by 0 degree(s)
INFO: board_modifier.py:494: Adding track segment (F.Cu): [(235960000, 78422500), (251460000, 78422500)]
INFO: board_modifier.py:499: Track added
DEBUG: board_modifier.py:578: Routing at F.Cu layer
DEBUG: board_modifier.py:595: Netclass: Default, track width: 254000
DEBUG: board_modifier.py:658: Routing pad 'MX52:1' at (250247500, 116522500) with pad 'MX66:1' at (256222500, 135572500) using coordinate system rotated by 0 degree(s)
INFO: board_modifier.py:494: Adding track segment (F.Cu): [(250247500, 116522500), (250247500, 129597500)]
INFO: board_modifier.py:499: Track added
INFO: board_modifier.py:494: Adding track segment (F.Cu): [(250247500, 129597500), (256222500, 135572500)]
INFO: board_modifier.py:499: Track added
DEBUG: board_modifier.py:578: Routing at F.Cu layer
DEBUG: board_modifier.py:595: Netclass: Default, track width: 254000
DEBUG: board_modifier.py:658: Routing pad 'MX7:1' at (240722500, 54610000) with pad 'MX8:1' at (260985000, 54610000) using coordinate system rotated by 0 degree(s)
INFO: board_modifier.py:494: Adding track segment (F.Cu): [(240722500, 54610000), (260985000, 54610000)]
INFO: board_modifier.py:499: Track added
DEBUG: board_modifier.py:578: Routing at F.Cu layer
DEBUG: board_modifier.py:595: Netclass: Default, track width: 254000
DEBUG: board_modifier.py:658: Routing pad 'MX37:1' at (245485000, 97472500) with pad 'MX38:1' at (260985000, 97472500) using coordinate system rotated by 0 degree(s)
INFO: board_modifier.py:494: Adding track segment (F.Cu): [(245485000, 97472500), (260985000, 97472500)]
INFO: board_modifier.py:499: Track added
DEBUG: board_modifier.py:578: Routing at F.Cu layer
DEBUG: board_modifier.py:595: Netclass: Default, track width: 254000
DEBUG: board_modifier.py:658: Routing pad 'MX52:1' at (250247500, 116522500) with pad 'MX53:1' at (265747500, 116522500) using coordinate system rotated by 0 degree(s)
INFO: board_modifier.py:494: Adding track segment (F.Cu): [(250247500, 116522500), (265747500, 116522500)]
INFO: board_modifier.py:499: Track added
DEBUG: board_modifier.py:578: Routing at F.Cu layer
DEBUG: board_modifier.py:595: Netclass: Default, track width: 254000
DEBUG: board_modifier.py:658: Routing pad 'MX66:1' at (259772500, 135572500) with pad 'MX67:1' at (275272500, 135572500) using coordinate system rotated by 0 degree(s)
INFO: board_modifier.py:494: Adding track segment (F.Cu): [(259772500, 135572500), (275272500, 135572500)]
INFO: board_modifier.py:499: Track added
DEBUG: board_modifier.py:578: Routing at F.Cu layer
DEBUG: board_modifier.py:595: Netclass: Default, track width: 254000
DEBUG: board_modifier.py:658: Routing pad 'MX8:1' at (264535000, 54610000) with pad 'U1:6' at (385603750, 63817500) using coordinate system rotated by 0 degree(s)
INFO: board_modifier.py:494: Adding track segment (F.Cu): [(264535000, 54610000), (376396250, 54610000)]
DEBUG: board_modifier.py:504: Could not add track segment due to detected collision
INFO: board_modifier.py:494: Adding track segment (F.Cu): [(264535000, 54610000), (273742500, 63817500)]
DEBUG: board_modifier.py:504: Could not add track segment due to detected collision
DEBUG: key_placer.py:979: Routing Col 1 pads
DEBUG: board_modifier.py:578: Routing at F.Cu layer
DEBUG: board_modifier.py:595: Netclass: Default, track width: 254000
DEBUG: board_modifier.py:658: Routing pad 'MX18:1' at (159760000, 78422500) with pad 'MX3:1' at (160972500, 54610000) using coordinate system rotated by 0 degree(s)
INFO: board_modifier.py:494: Adding track segment (F.Cu): [(159760000, 78422500), (159760000, 55822500)]
INFO: board_modifier.py:499: Track added
INFO: board_modifier.py:494: Adding track segment (F.Cu): [(159760000, 55822500), (160972500, 54610000)]
INFO: board_modifier.py:499: Track added
DEBUG: board_modifier.py:578: Routing at F.Cu layer
DEBUG: board_modifier.py:595: Netclass: Default, track width: 254000
DEBUG: board_modifier.py:658: Routing pad 'MX18:1' at (159760000, 78422500) with pad 'MX33:1' at (165735000, 97472500) using coordinate system rotated by 0 degree(s)
INFO: board_modifier.py:494: Adding track segment (F.Cu): [(159760000, 78422500), (159760000, 91497500)]
INFO: board_modifier.py:499: Track added
INFO: board_modifier.py:494: Adding track segment (F.Cu): [(159760000, 91497500), (165735000, 97472500)]
INFO: board_modifier.py:499: Track added
DEBUG: board_modifier.py:578: Routing at F.Cu layer
DEBUG: board_modifier.py:595: Netclass: Default, track width: 254000
DEBUG: board_modifier.py:658: Routing pad 'MX33:1' at (169285000, 97472500) with pad 'MX48:1' at (170497500, 116522500) using coordinate system rotated by 0 degree(s)
INFO: board_modifier.py:494: Adding track segment (F.Cu): [(169285000, 97472500), (169285000, 115310000)]
INFO: board_modifier.py:499: Track added
INFO: board_modifier.py:494: Adding track segment (F.Cu): [(169285000, 115310000), (170497500, 116522500)]
INFO: board_modifier.py:499: Track added
DEBUG: board_modifier.py:578: Routing at F.Cu layer
DEBUG: board_modifier.py:595: Netclass: Default, track width: 254000
DEBUG: board_modifier.py:658: Routing pad 'MX62:1' at (180022500, 135572500) with pad 'MX76:1' at (171666250, 154622500) using coordinate system rotated by 0 degree(s)
INFO: board_modifier.py:494: Adding track segment (F.Cu): [(180022500, 135572500), (180022500, 146266250)]
INFO: board_modifier.py:499: Track added
INFO: board_modifier.py:494: Adding track segment (F.Cu): [(180022500, 146266250), (171666250, 154622500)]
INFO: board_modifier.py:499: Track added
DEBUG: board_modifier.py:578: Routing at F.Cu layer
DEBUG: board_modifier.py:595: Netclass: Default, track width: 254000
DEBUG: board_modifier.py:658: Routing pad 'MX18:1' at (159760000, 78422500) with pad 'MX19:1' at (175260000, 78422500) using coordinate system rotated by 0 degree(s)
INFO: board_modifier.py:494: Adding track segment (F.Cu): [(159760000, 78422500), (175260000, 78422500)]
INFO: board_modifier.py:499: Track added
DEBUG: board_modifier.py:578: Routing at F.Cu layer
DEBUG: board_modifier.py:595: Netclass: Default, track width: 254000
DEBUG: board_modifier.py:658: Routing pad 'MX3:1' at (164522500, 54610000) with pad 'MX4:1' at (180022500, 54610000) using coordinate system rotated by 0 degree(s)
INFO: board_modifier.py:494: Adding track segment (F.Cu): [(164522500, 54610000), (180022500, 54610000)]
INFO: board_modifier.py:499: Track added
DEBUG: board_modifier.py:578: Routing at F.Cu layer
DEBUG: board_modifier.py:595: Netclass: Default, track width: 254000
DEBUG: board_modifier.py:658: Routing pad 'MX48:1' at (174047500, 116522500) with pad 'MX62:1' at (180022500, 135572500) using coordinate system rotated by 0 degree(s)
INFO: board_modifier.py:494: Adding track segment (F.Cu): [(174047500, 116522500), (174047500, 129597500)]
INFO: board_modifier.py:499: Track added
INFO: board_modifier.py:494: Adding track segment (F.Cu): [(174047500, 129597500), (180022500, 135572500)]
INFO: board_modifier.py:499: Track added
DEBUG: board_modifier.py:578: Routing at F.Cu layer
DEBUG: board_modifier.py:595: Netclass: Default, track width: 254000
DEBUG: board_modifier.py:658: Routing pad 'MX33:1' at (169285000, 97472500) with pad 'MX34:1' at (184785000, 97472500) using coordinate system rotated by 0 degree(s)
INFO: board_modifier.py:494: Adding track segment (F.Cu): [(169285000, 97472500), (184785000, 97472500)]
INFO: board_modifier.py:499: Track added
DEBUG: board_modifier.py:578: Routing at F.Cu layer
DEBUG: board_modifier.py:595: Netclass: Default, track width: 254000
DEBUG: board_modifier.py:658: Routing pad 'MX48:1' at (174047500, 116522500) with pad 'MX49:1' at (189547500, 116522500) using coordinate system rotated by 0 degree(s)
INFO: board_modifier.py:494: Adding track segment (F.Cu): [(174047500, 116522500), (189547500, 116522500)]
INFO: board_modifier.py:499: Track added
DEBUG: board_modifier.py:578: Routing at F.Cu layer
DEBUG: board_modifier.py:595: Netclass: Default, track width: 254000
DEBUG: board_modifier.py:658: Routing pad 'MX62:1' at (183572500, 135572500) with pad 'MX63:1' at (199072500, 135572500) using coordinate system rotated by 0 degree(s)
INFO: board_modifier.py:494: Adding track segment (F.Cu): [(183572500, 135572500), (199072500, 135572500)]
INFO: board_modifier.py:499: Track added
DEBUG: board_modifier.py:578: Routing at F.Cu layer
DEBUG: board_modifier.py:595: Netclass: Default, track width: 254000
DEBUG: board_modifier.py:658: Routing pad 'MX63:1' at (202622500, 135572500) with pad 'U1:2' at (385603750, 53657500) using coordinate system rotated by 0 degree(s)
INFO: board_modifier.py:494: Adding track segment (F.Cu): [(202622500, 135572500), (303688750, 135572500)]
DEBUG: board_modifier.py:504: Could not add track segment due to detected collision
INFO: board_modifier.py:494: Adding track segment (F.Cu): [(202622500, 135572500), (284537500, 53657500)]
DEBUG: board_modifier.py:504: Could not add track segment due to detected collision
DEBUG: key_placer.py:979: Routing Row 1 pads
DEBUG: board_modifier.py:578: Routing at B.Cu layer
DEBUG: board_modifier.py:595: Netclass: Default, track width: 254000
DEBUG: board_modifier.py:658: Routing pad 'J2:4' at (105568750, 90487500) with pad 'D16:2' at (119380000, 86612500) using coordinate system rotated by 0 degree(s)
INFO: board_modifier.py:494: Adding track segment (B.Cu): [(105568750, 90487500), (115505000, 90487500)]
INFO: board_modifier.py:499: Track added
INFO: board_modifier.py:494: Adding track segment (B.Cu): [(115505000, 90487500), (119380000, 86612500)]
INFO: board_modifier.py:499: Track added
DEBUG: board_modifier.py:578: Routing at B.Cu layer
DEBUG: board_modifier.py:595: Netclass: Default, track width: 254000
DEBUG: board_modifier.py:658: Routing pad 'D16:2' at (119380000, 86612500) with pad 'D17:1' at (138430000, 86612500) using coordinate system rotated by 0 degree(s)
INFO: board_modifier.py:494: Adding track segment (B.Cu): [(119380000, 86612500), (138430000, 86612500)]
INFO: board_modifier.py:499: Track added
DEBUG: board_modifier.py:578: Routing at B.Cu layer
DEBUG: board_modifier.py:595: Netclass: Default, track width: 254000
DEBUG: board_modifier.py:658: Routing pad 'D17:1' at (138430000, 86612500) with pad 'D18:2' at (157480000, 86612500) using coordinate system rotated by 0 degree(s)
INFO: board_modifier.py:494: Adding track segment (B.Cu): [(138430000, 86612500), (157480000, 86612500)]
INFO: board_modifier.py:499: Track added
DEBUG: board_modifier.py:578: Routing at B.Cu layer
DEBUG: board_modifier.py:595: Netclass: Default, track width: 254000
DEBUG: board_modifier.py:658: Routing pad 'D18:2' at (157480000, 86612500) with pad 'D19:1' at (176530000, 86612500) using coordinate system rotated by 0 degree(s)
INFO: board_modifier.py:494: Adding track segment (B.Cu): [(157480000, 86612500), (176530000, 86612500)]
INFO: board_modifier.py:499: Track added
DEBUG: board_modifier.py:578: Routing at B.Cu layer
DEBUG: board_modifier.py:595: Netclass: Default, track width: 254000
DEBUG: board_modifier.py:658: Routing pad 'D19:1' at (176530000, 86612500) with pad 'D20:2' at (195580000, 86612500) using coordinate system rotated by 0 degree(s)
INFO: board_modifier.py:494: Adding track segment (B.Cu): [(176530000, 86612500), (195580000, 86612500)]
INFO: board_modifier.py:499: Track added
DEBUG: board_modifier.py:578: Routing at B.Cu layer
DEBUG: board_modifier.py:595: Netclass: Default, track width: 254000
DEBUG: board_modifier.py:658: Routing pad 'D20:2' at (195580000, 86612500) with pad 'D21:1' at (214630000, 86612500) using coordinate system rotated by 0 degree(s)
INFO: board_modifier.py:494: Adding track segment (B.Cu): [(195580000, 86612500), (214630000, 86612500)]
INFO: board_modifier.py:499: Track added
DEBUG: board_modifier.py:578: Routing at B.Cu layer
DEBUG: board_modifier.py:595: Netclass: Default, track width: 254000
DEBUG: board_modifier.py:658: Routing pad 'D21:1' at (214630000, 86612500) with pad 'D22:2' at (233680000, 86612500) using coordinate system rotated by 0 degree(s)
INFO: board_modifier.py:494: Adding track segment (B.Cu): [(214630000, 86612500), (233680000, 86612500)]
INFO: board_modifier.py:499: Track added
DEBUG: board_modifier.py:578: Routing at B.Cu layer
DEBUG: board_modifier.py:595: Netclass: Default, track width: 254000
DEBUG: board_modifier.py:658: Routing pad 'D22:2' at (233680000, 86612500) with pad 'D23:1' at (252730000, 86612500) using coordinate system rotated by 0 degree(s)
INFO: board_modifier.py:494: Adding track segment (B.Cu): [(233680000, 86612500), (252730000, 86612500)]
INFO: board_modifier.py:499: Track added
DEBUG: board_modifier.py:578: Routing at B.Cu layer
DEBUG: board_modifier.py:595: Netclass: Default, track width: 254000
DEBUG: board_modifier.py:658: Routing pad 'D23:1' at (252730000, 86612500) with pad 'D24:2' at (271780000, 86612500) using coordinate system rotated by 0 degree(s)
INFO: board_modifier.py:494: Adding track segment (B.Cu): [(252730000, 86612500), (271780000, 86612500)]
INFO: board_modifier.py:499: Track added
DEBUG: board_modifier.py:578: Routing at B.Cu layer
DEBUG: board_modifier.py:595: Netclass: Default, track width: 254000
DEBUG: board_modifier.py:658: Routing pad 'D24:2' at (271780000, 86612500) with pad 'D25:1' at (290830000, 86612500) using coordinate system rotated by 0 degree(s)
INFO: board_modifier.py:494: Adding track segment (B.Cu): [(271780000, 86612500), (290830000, 86612500)]
INFO: board_modifier.py:499: Track added
DEBUG: board_modifier.py:578: Routing at B.Cu layer
DEBUG: board_modifier.py:595: Netclass: Default, track width: 254000
DEBUG: board_modifier.py:658: Routing pad 'D25:1' at (290830000, 86612500) with pad 'D26:2' at (309880000, 86612500) using coordinate system rotated by 0 degree(s)
INFO: board_modifier.py:494: Adding track segment (B.Cu): [(290830000, 86612500), (309880000, 86612500)]
INFO: board_modifier.py:499: Track added
DEBUG: board_modifier.py:578: Routing at B.Cu layer
DEBUG: board_modifier.py:595: Netclass: Default, track width: 254000
DEBUG: board_modifier.py:658: Routing pad 'D26:2' at (309880000, 86612500) with pad 'D27:1' at (328930000, 86612500) using coordinate system rotated by 0 degree(s)
INFO: board_modifier.py:494: Adding track segment (B.Cu): [(309880000, 86612500), (328930000, 86612500)]
INFO: board_modifier.py:499: Track added
DEBUG: board_modifier.py:578: Routing at B.Cu layer
DEBUG: board_modifier.py:595: Netclass: Default, track width: 254000
DEBUG: board_modifier.py:658: Routing pad 'D27:1' at (328930000, 86612500) with pad 'D28:2' at (347980000, 86612500) using coordinate system rotated by 0 degree(s)
INFO: board_modifier.py:494: Adding track segment (B.Cu): [(328930000, 86612500), (347980000, 86612500)]
INFO: board_modifier.py:499: Track added
DEBUG: board_modifier.py:578: Routing at B.Cu layer
DEBUG: board_modifier.py:595: Netclass: Default, track width: 254000
DEBUG: board_modifier.py:658: Routing pad 'D28:2' at (347980000, 86612500) with pad 'D29:1' at (376555000, 86612500) using coordinate system rotated by 0 degree(s)
INFO: board_modifier.py:494: Adding track segment (B.Cu): [(347980000, 86612500), (376555000, 86612500)]
INFO: board_modifier.py:499: Track added
DEBUG: board_modifier.py:578: Routing at B.Cu layer
DEBUG: board_modifier.py:595: Netclass: Default, track width: 254000
DEBUG: board_modifier.py:658: Routing pad 'D29:1' at (376555000, 86612500) with pad 'D30:1' at (419417500, 86612500) using coordinate system rotated by 0 degree(s)
INFO: board_modifier.py:494: Adding track segment (B.Cu): [(376555000, 86612500), (419417500, 86612500)]
INFO: board_modifier.py:499: Track added
DEBUG: board_modifier.py:578: Routing at B.Cu layer
DEBUG: board_modifier.py:595: Netclass: Default, track width: 254000
DEBUG: board_modifier.py:658: Routing pad 'D30:1' at (419417500, 86612500) with pad 'J3:4' at (423068750, 90487500) using coordinate system rotated by 0 degree(s)
INFO: board_modifier.py:494: Adding track segment (B.Cu): [(419417500, 86612500), (419417500, 86836250)]
INFO: board_modifier.py:499: Track added
INFO: board_modifier.py:494: Adding track segment (B.Cu): [(419417500, 86836250), (423068750, 90487500)]
INFO: board_modifier.py:499: Track added
DEBUG: key_placer.py:979: Routing Row 2 pads
DEBUG: board_modifier.py:578: Routing at B.Cu layer
DEBUG: board_modifier.py:595: Netclass: Default, track width: 254000
DEBUG: board_modifier.py:658: Routing pad 'J2:5' at (105568750, 93027500) with pad 'D31:2' at (124142500, 105662500) using coordinate system rotated by 0 degree(s)
INFO: board_modifier.py:494: Adding track segment (B.Cu): [(105568750, 93027500), (111507500, 93027500)]
INFO: board_modifier.py:499: Track added
INFO: board_modifier.py:494: Adding track segment (B.Cu): [(111507500, 93027500), (124142500, 105662500)]
DEBUG: board_modifier.py:504: Could not add track segment due to detected collision
INFO: board_modifier.py:494: Adding track segment (B.Cu): [(105568750, 93027500), (118203750, 105662500)]
DEBUG: board_modifier.py:504: Could not add track segment due to detected collision
DEBUG: board_modifier.py:578: Routing at B.Cu layer
DEBUG: board_modifier.py:595: Netclass: Default, track width: 254000
DEBUG: board_modifier.py:658: Routing pad 'D31:2' at (124142500, 105662500) with pad 'D32:1' at (147955000, 105662500) using coordinate system rotated by 0 degree(s)
INFO: board_modifier.py:494: Adding track segment (B.Cu): [(124142500, 105662500), (147955000, 105662500)]
INFO: board_modifier.py:499: Track added
DEBUG: board_modifier.py:578: Routing at B.Cu layer
DEBUG: board_modifier.py:595: Netclass: Default, track width: 254000
DEBUG: board_modifier.py:658: Routing pad 'D32:1' at (147955000, 105662500) with pad 'D33:2' at (167005000, 105662500) using coordinate system rotated by 0 degree(s)
INFO: board_modifier.py:494: Adding track segment (B.Cu): [(147955000, 105662500), (167005000, 105662500)]
INFO: board_modifier.py:499: Track added
DEBUG: board_modifier.py:578: Routing at B.Cu layer
DEBUG: board_modifier.py:595: Netclass: Default, track width: 254000
DEBUG: board_modifier.py:658: Routing pad 'D33:2' at (167005000, 105662500) with pad 'D34:1' at (186055000, 105662500) using coordinate system rotated by 0 degree(s)
INFO: board_modifier.py:494: Adding track segment (B.Cu): [(167005000, 105662500), (186055000, 105662500)]
INFO: board_modifier.py:499: Track added
DEBUG: board_modifier.py:578: Routing at B.Cu layer
DEBUG: board_modifier.py:595: Netclass: Default, track width: 254000
DEBUG: board_modifier.py:658: Routing pad 'D34:1' at (186055000, 105662500) with pad 'D35:2' at (205105000, 105662500) using coordinate system rotated by 0 degree(s)
INFO: board_modifier.py:494: Adding track segment (B.Cu): [(186055000, 105662500), (205105000, 105662500)]
INFO: board_modifier.py:499: Track added
DEBUG: board_modifier.py:578: Routing at B.Cu layer
DEBUG: board_modifier.py:595: Netclass: Default, track width: 254000
DEBUG: board_modifier.py:658: Routing pad 'D35:2' at (205105000, 105662500) with pad 'D36:1' at (224155000, 105662500) using coordinate system rotated by 0 degree(s)
INFO: board_modifier.py:494: Adding track segment (B.Cu): [(205105000, 105662500), (224155000, 105662500)]
INFO: board_modifier.py:499: Track added
DEBUG: board_modifier.py:578: Routing at B.Cu layer
DEBUG: board_modifier.py:595: Netclass: Default, track width: 254000
DEBUG: board_modifier.py:658: Routing pad 'D36:1' at (224155000, 105662500) with pad 'D37:2' at (243205000, 105662500) using coordinate system rotated by 0 degree(s)
INFO: board_modifier.py:494: Adding track segment (B.Cu): [(224155000, 105662500), (243205000, 105662500)]
INFO: board_modifier.py:499: Track added
DEBUG: board_modifier.py:578: Routing at B.Cu layer
DEBUG: board_modifier.py:595: Netclass: Default, track width: 254000
DEBUG: board_modifier.py:658: Routing pad 'D37:2' at (243205000, 105662500) with pad 'D38:1' at (262255000, 105662500) using coordinate system rotated by 0 degree(s)
INFO: board_modifier.py:494: Adding track segment (B.Cu): [(243205000, 105662500), (262255000, 105662500)]
INFO: board_modifier.py:499: Track added
DEBUG: board_modifier.py:578: Routing at B.Cu layer
DEBUG: board_modifier.py:595: Netclass: Default, track width: 254000
DEBUG: board_modifier.py:658: Routing pad 'D38:1' at (262255000, 105662500) with pad 'D39:2' at (281305000, 105662500) using coordinate system rotated by 0 degree(s)
INFO: board_modifier.py:494: Adding track segment (B.Cu): [(262255000, 105662500), (281305000, 105662500)]
INFO: board_modifier.py:499: Track added
DEBUG: board_modifier.py:578: Routing at B.Cu layer
DEBUG: board_modifier.py:595: Netclass: Default, track width: 254000
DEBUG: board_modifier.py:658: Routing pad 'D39:2' at (281305000, 105662500) with pad 'D40:1' at (300355000, 105662500) using coordinate system rotated by 0 degree(s)
INFO: board_modifier.py:494: Adding track segment (B.Cu): [(281305000, 105662500), (300355000, 105662500)]
INFO: board_modifier.py:499: Track added
DEBUG: board_modifier.py:578: Routing at B.Cu layer
DEBUG: board_modifier.py:595: Netclass: Default, track width: 254000
DEBUG: board_modifier.py:658: Routing pad 'D40:1' at (300355000, 105662500) with pad 'D41:2' at (319405000, 105662500) using coordinate system rotated by 0 degree(s)
INFO: board_modifier.py:494: Adding track segment (B.Cu): [(300355000, 105662500), (319405000, 105662500)]
INFO: board_modifier.py:499: Track added
DEBUG: board_modifier.py:578: Routing at B.Cu layer
DEBUG: board_modifier.py:595: Netclass: Default, track width: 254000
DEBUG: board_modifier.py:658: Routing pad 'D41:2' at (319405000, 105662500) with pad 'D42:1' at (338455000, 105662500) using coordinate system rotated by 0 degree(s)
INFO: board_modifier.py:494: Adding track segment (B.Cu): [(319405000, 105662500), (338455000, 105662500)]
INFO: board_modifier.py:499: Track added
DEBUG: board_modifier.py:578: Routing at B.Cu layer
DEBUG: board_modifier.py:595: Netclass: Default, track width: 254000
DEBUG: board_modifier.py:658: Routing pad 'D42:1' at (338455000, 105662500) with pad 'D43:2' at (357505000, 105662500) using coordinate system rotated by 0 degree(s)
INFO: board_modifier.py:494: Adding track segment (B.Cu): [(338455000, 105662500), (357505000, 105662500)]
INFO: board_modifier.py:499: Track added
DEBUG: board_modifier.py:578: Routing at B.Cu layer
DEBUG: board_modifier.py:595: Netclass: Default, track width: 254000
DEBUG: board_modifier.py:658: Routing pad 'D43:2' at (357505000, 105662500) with pad 'D44:1' at (381317500, 105662500) using coordinate system rotated by 0 degree(s)
INFO: board_modifier.py:494: Adding track segment (B.Cu): [(357505000, 105662500), (381317500, 105662500)]
INFO: board_modifier.py:499: Track added
DEBUG: board_modifier.py:578: Routing at B.Cu layer
DEBUG: board_modifier.py:595: Netclass: Default, track width: 254000
DEBUG: board_modifier.py:658: Routing pad 'D44:1' at (381317500, 105662500) with pad 'D45:1' at (419417500, 105662500) using coordinate system rotated by 0 degree(s)
INFO: board_modifier.py:494: Adding track segment (B.Cu): [(381317500, 105662500), (419417500, 105662500)]
INFO: board_modifier.py:499: Track added
DEBUG: board_modifier.py:578: Routing at B.Cu layer
DEBUG: board_modifier.py:595: Netclass: Default, track width: 254000
DEBUG: board_modifier.py:658: Routing pad 'D45:1' at (419417500, 105662500) with pad 'J3:5' at (423068750, 93027500) using coordinate system rotated by 0 degree(s)
INFO: board_modifier.py:494: Adding track segment (B.Cu): [(419417500, 105662500), (419417500, 96678750)]
DEBUG: board_modifier.py:504: Could not add track segment due to detected collision
INFO: board_modifier.py:494: Adding track segment (B.Cu): [(419417500, 105662500), (423068750, 102011250)]
INFO: board_modifier.py:499: Track added
INFO: board_modifier.py:494: Adding track segment (B.Cu): [(423068750, 102011250), (423068750, 93027500)]
INFO: board_modifier.py:499: Track added
DEBUG: key_placer.py:979: Routing Col 0 pads
DEBUG: board_modifier.py:578: Routing at F.Cu layer
DEBUG: board_modifier.py:595: Netclass: Default, track width: 254000
DEBUG: board_modifier.py:658: Routing pad 'MX1:1' at (118110000, 54610000) with pad 'MX16:1' at (118110000, 78422500) using coordinate system rotated by 0 degree(s)
INFO: board_modifier.py:494: Adding track segment (F.Cu): [(118110000, 54610000), (118110000, 78422500)]
INFO: board_modifier.py:499: Track added
DEBUG: board_modifier.py:578: Routing at F.Cu layer
DEBUG: board_modifier.py:595: Netclass: Default, track width: 254000
DEBUG: board_modifier.py:658: Routing pad 'MX16:1' at (121660000, 78422500) with pad 'MX31:1' at (122872500, 97472500) using coordinate system rotated by 0 degree(s)
INFO: board_modifier.py:494: Adding track segment (F.Cu): [(121660000, 78422500), (121660000, 96260000)]
INFO: board_modifier.py:499: Track added
INFO: board_modifier.py:494: Adding track segment (F.Cu): [(121660000, 96260000), (122872500, 97472500)]
INFO: board_modifier.py:499: Track added
DEBUG: board_modifier.py:578: Routing at F.Cu layer
DEBUG: board_modifier.py:595: Netclass: Default, track width: 254000
DEBUG: board_modifier.py:658: Routing pad 'MX60:1' at (130016250, 135572500) with pad 'MX74:1' at (124041250, 154622500) using coordinate system rotated by 0 degree(s)
INFO: board_modifier.py:494: Adding track segment (F.Cu): [(130016250, 135572500), (130016250, 148647500)]
INFO: board_modifier.py:499: Track added
INFO: board_modifier.py:494: Adding track segment (F.Cu): [(130016250, 148647500), (124041250, 154622500)]
INFO: board_modifier.py:499: Track added
DEBUG: board_modifier.py:578: Routing at F.Cu layer
DEBUG: board_modifier.py:595: Netclass: Default, track width: 254000
DEBUG: board_modifier.py:658: Routing pad 'MX31:1' at (124697500, 97472500) with pad 'MX46:1' at (125253750, 116522500) using coordinate system rotated by 0 degree(s)
INFO: board_modifier.py:494: Adding track segment (F.Cu): [(124697500, 97472500), (124697500, 115966250)]
DEBUG: board_modifier.py:504: Could not add track segment due to detected collision
INFO: board_modifier.py:494: Adding track segment (F.Cu): [(124697500, 97472500), (125253750, 98028750)]
INFO: board_modifier.py:499: Track added
INFO: board_modifier.py:494: Adding track segment (F.Cu): [(125253750, 98028750), (125253750, 116522500)]
DEBUG: board_modifier.py:504: Could not add track segment due to detected collision
DEBUG: board_modifier.py:578: Routing at F.Cu layer
DEBUG: board_modifier.py:595: Netclass: Default, track width: 254000
DEBUG: board_modifier.py:658: Routing pad 'MX46:1' at (128803750, 116522500) with pad 'MX60:1' at (130016250, 135572500) using coordinate system rotated by 0 degree(s)
INFO: board_modifier.py:494: Adding track segment (F.Cu): [(128803750, 116522500), (128803750, 134360000)]
INFO: board_modifier.py:499: Track added
INFO: board_modifier.py:494: Adding track segment (F.Cu): [(128803750, 134360000), (130016250, 135572500)]
INFO: board_modifier.py:499: Track added
DEBUG: board_modifier.py:578: Routing at F.Cu layer
DEBUG: board_modifier.py:595: Netclass: Default, track width: 254000
DEBUG: board_modifier.py:658: Routing pad 'MX16:1' at (121660000, 78422500) with pad 'MX17:1' at (137160000, 78422500) using coordinate system rotated by 0 degree(s)
INFO: board_modifier.py:494: Adding track segment (F.Cu): [(121660000, 78422500), (137160000, 78422500)]
INFO: board_modifier.py:499: Track added
DEBUG: board_modifier.py:578: Routing at F.Cu layer
DEBUG: board_modifier.py:595: Netclass: Default, track width: 254000
DEBUG: board_modifier.py:658: Routing pad 'MX1:1' at (121660000, 54610000) with pad 'MX2:1' at (141922500, 54610000) using coordinate system rotated by 0 degree(s)
INFO: board_modifier.py:494: Adding track segment (F.Cu): [(121660000, 54610000), (141922500, 54610000)]
INFO: board_modifier.py:499: Track added
DEBUG: board_modifier.py:578: Routing at F.Cu layer
DEBUG: board_modifier.py:595: Netclass: Default, track width: 254000
DEBUG: board_modifier.py:658: Routing pad 'MX74:1' at (124041250, 154622500) with pad 'MX75:1' at (144303750, 154622500) using coordinate system rotated by 0 degree(s)
INFO: board_modifier.py:494: Adding track segment (F.Cu): [(124041250, 154622500), (144303750, 154622500)]
INFO: board_modifier.py:499: Track added
DEBUG: board_modifier.py:578: Routing at F.Cu layer
DEBUG: board_modifier.py:595: Netclass: Default, track width: 254000
DEBUG: board_modifier.py:658: Routing pad 'MX17:1' at (140710000, 78422500) with pad 'MX32:1' at (146685000, 97472500) using coordinate system rotated by 0 degree(s)
INFO: board_modifier.py:494: Adding track segment (F.Cu): [(140710000, 78422500), (140710000, 91497500)]
INFO: board_modifier.py:499: Track added
INFO: board_modifier.py:494: Adding track segment (F.Cu): [(140710000, 91497500), (146685000, 97472500)]
INFO: board_modifier.py:499: Track added
DEBUG: board_modifier.py:578: Routing at F.Cu layer
DEBUG: board_modifier.py:595: Netclass: Default, track width: 254000
DEBUG: board_modifier.py:658: Routing pad 'MX32:1' at (150235000, 97472500) with pad 'MX47:1' at (151447500, 116522500) using coordinate system rotated by 0 degree(s)
INFO: board_modifier.py:494: Adding track segment (F.Cu): [(150235000, 97472500), (150235000, 115310000)]
INFO: board_modifier.py:499: Track added
INFO: board_modifier.py:494: Adding track segment (F.Cu): [(150235000, 115310000), (151447500, 116522500)]
INFO: board_modifier.py:499: Track added
DEBUG: board_modifier.py:578: Routing at F.Cu layer
DEBUG: board_modifier.py:595: Netclass: Default, track width: 254000
DEBUG: board_modifier.py:658: Routing pad 'MX47:1' at (154997500, 116522500) with pad 'MX61:1' at (160972500, 135572500) using coordinate system rotated by 0 degree(s)
INFO: board_modifier.py:494: Adding track segment (F.Cu): [(154997500, 116522500), (154997500, 129597500)]
INFO: board_modifier.py:499: Track added
INFO: board_modifier.py:494: Adding track segment (F.Cu): [(154997500, 129597500), (160972500, 135572500)]
INFO: board_modifier.py:499: Track added
DEBUG: board_modifier.py:578: Routing at F.Cu layer
DEBUG: board_modifier.py:595: Netclass: Default, track width: 254000
DEBUG: board_modifier.py:658: Routing pad 'MX61:1' at (164522500, 135572500) with pad 'U1:1' at (385603750, 51117500) using coordinate system rotated by 0 degree(s)
INFO: board_modifier.py:494: Adding track segment (F.Cu): [(164522500, 135572500), (301148750, 135572500)]
DEBUG: board_modifier.py:504: Could not add track segment due to detected collision
INFO: board_modifier.py:494: Adding track segment (F.Cu): [(164522500, 135572500), (248977500, 51117500)]
DEBUG: board_modifier.py:504: Could not add track segment due to detected collision
DEBUG: key_placer.py:979: Routing Row 0 pads
DEBUG: board_modifier.py:578: Routing at B.Cu layer
DEBUG: board_modifier.py:595: Netclass: Default, track width: 254000
DEBUG: board_modifier.py:658: Routing pad 'J2:3' at (105568750, 87947500) with pad 'D1:2' at (119380000, 62800000) using coordinate system rotated by 0 degree(s)
INFO: board_modifier.py:494: Adding track segment (B.Cu): [(105568750, 87947500), (105568750, 76611250)]
DEBUG: board_modifier.py:504: Could not add track segment due to detected collision
INFO: board_modifier.py:494: Adding track segment (B.Cu): [(105568750, 87947500), (119380000, 74136250)]
DEBUG: board_modifier.py:504: Could not add track segment due to detected collision
DEBUG: board_modifier.py:578: Routing at B.Cu layer
DEBUG: board_modifier.py:595: Netclass: Default, track width: 254000
DEBUG: board_modifier.py:658: Routing pad 'D1:2' at (119380000, 62800000) with pad 'D2:1' at (143192500, 62800000) using coordinate system rotated by 0 degree(s)
INFO: board_modifier.py:494: Adding track segment (B.Cu): [(119380000, 62800000), (143192500, 62800000)]
INFO: board_modifier.py:499: Track added
DEBUG: board_modifier.py:578: Routing at B.Cu layer
DEBUG: board_modifier.py:595: Netclass: Default, track width: 254000
DEBUG: board_modifier.py:658: Routing pad 'D2:1' at (143192500, 62800000) with pad 'D3:2' at (162242500, 62800000) using coordinate system rotated by 0 degree(s)
INFO: board_modifier.py:494: Adding track segment (B.Cu): [(143192500, 62800000), (162242500, 62800000)]
INFO: board_modifier.py:499: Track added
DEBUG: board_modifier.py:578: Routing at B.Cu layer
DEBUG: board_modifier.py:595: Netclass: Default, track width: 254000
DEBUG: board_modifier.py:658: Routing pad 'D3:2' at (162242500, 62800000) with pad 'D4:1' at (181292500, 62800000) using coordinate system rotated by 0 degree(s)
INFO: board_modifier.py:494: Adding track segment (B.Cu): [(162242500, 62800000), (181292500, 62800000)]
INFO: board_modifier.py:499: Track added
DEBUG: board_modifier.py:578: Routing at B.Cu layer
DEBUG: board_modifier.py:595: Netclass: Default, track width: 254000
DEBUG: board_modifier.py:658: Routing pad 'D4:1' at (181292500, 62800000) with pad 'D5:2' at (200342500, 62800000) using coordinate system rotated by 0 degree(s)
INFO: board_modifier.py:494: Adding track segment (B.Cu): [(181292500, 62800000), (200342500, 62800000)]
INFO: board_modifier.py:499: Track added
DEBUG: board_modifier.py:578: Routing at B.Cu layer
DEBUG: board_modifier.py:595: Netclass: Default, track width: 254000
DEBUG: board_modifier.py:658: Routing pad 'D5:2' at (200342500, 62800000) with pad 'D6:1' at (219392500, 62800000) using coordinate system rotated by 0 degree(s)
INFO: board_modifier.py:494: Adding track segment (B.Cu): [(200342500, 62800000), (219392500, 62800000)]
INFO: board_modifier.py:499: Track added
DEBUG: board_modifier.py:578: Routing at B.Cu layer
DEBUG: board_modifier.py:595: Netclass: Default, track width: 254000
DEBUG: board_modifier.py:658: Routing pad 'D6:1' at (219392500, 62800000) with pad 'D7:2' at (238442500, 62800000) using coordinate system rotated by 0 degree(s)
INFO: board_modifier.py:494: Adding track segment (B.Cu): [(219392500, 62800000), (238442500, 62800000)]
INFO: board_modifier.py:499: Track added
DEBUG: board_modifier.py:578: Routing at B.Cu layer
DEBUG: board_modifier.py:595: Netclass: Default, track width: 254000
DEBUG: board_modifier.py:658: Routing pad 'D7:2' at (238442500, 62800000) with pad 'D8:1' at (262255000, 62800000) using coordinate system rotated by 0 degree(s)
INFO: board_modifier.py:494: Adding track segment (B.Cu): [(238442500, 62800000), (262255000, 62800000)]
INFO: board_modifier.py:499: Track added
DEBUG: board_modifier.py:578: Routing at B.Cu layer
DEBUG: board_modifier.py:595: Netclass: Default, track width: 254000
DEBUG: board_modifier.py:658: Routing pad 'D8:1' at (262255000, 62800000) with pad 'D9:2' at (281305000, 62800000) using coordinate system rotated by 0 degree(s)
INFO: board_modifier.py:494: Adding track segment (B.Cu): [(262255000, 62800000), (281305000, 62800000)]
INFO: board_modifier.py:499: Track added
DEBUG: board_modifier.py:578: Routing at B.Cu layer
DEBUG: board_modifier.py:595: Netclass: Default, track width: 254000
DEBUG: board_modifier.py:658: Routing pad 'D9:2' at (281305000, 62800000) with pad 'D10:1' at (300355000, 62800000) using coordinate system rotated by 0 degree(s)
INFO: board_modifier.py:494: Adding track segment (B.Cu): [(281305000, 62800000), (300355000, 62800000)]
INFO: board_modifier.py:499: Track added
DEBUG: board_modifier.py:578: Routing at B.Cu layer
DEBUG: board_modifier.py:595: Netclass: Default, track width: 254000
DEBUG: board_modifier.py:658: Routing pad 'D10:1' at (300355000, 62800000) with pad 'D11:2' at (319405000, 62800000) using coordinate system rotated by 0 degree(s)
INFO: board_modifier.py:494: Adding track segment (B.Cu): [(300355000, 62800000), (319405000, 62800000)]
INFO: board_modifier.py:499: Track added
DEBUG: board_modifier.py:578: Routing at B.Cu layer
DEBUG: board_modifier.py:595: Netclass: Default, track width: 254000
DEBUG: board_modifier.py:658: Routing pad 'D11:2' at (319405000, 62800000) with pad 'D12:1' at (338455000, 62800000) using coordinate system rotated by 0 degree(s)
INFO: board_modifier.py:494: Adding track segment (B.Cu): [(319405000, 62800000), (338455000, 62800000)]
INFO: board_modifier.py:499: Track added
DEBUG: board_modifier.py:578: Routing at B.Cu layer
DEBUG: board_modifier.py:595: Netclass: Default, track width: 254000
DEBUG: board_modifier.py:658: Routing pad 'D12:1' at (338455000, 62800000) with pad 'D13:2' at (357505000, 62800000) using coordinate system rotated by 0 degree(s)
INFO: board_modifier.py:494: Adding track segment (B.Cu): [(338455000, 62800000), (357505000, 62800000)]
INFO: board_modifier.py:499: Track added
DEBUG: board_modifier.py:578: Routing at B.Cu layer
DEBUG: board_modifier.py:595: Netclass: Default, track width: 254000
DEBUG: board_modifier.py:658: Routing pad 'D13:2' at (357505000, 62800000) with pad 'D14:1' at (376555000, 62800000) using coordinate system rotated by 0 degree(s)
INFO: board_modifier.py:494: Adding track segment (B.Cu): [(357505000, 62800000), (376555000, 62800000)]
INFO: board_modifier.py:499: Track added
DEBUG: board_modifier.py:578: Routing at B.Cu layer
DEBUG: board_modifier.py:595: Netclass: Default, track width: 254000
DEBUG: board_modifier.py:658: Routing pad 'D14:1' at (376555000, 62800000) with pad 'D15:1' at (419417500, 62800000) using coordinate system rotated by 0 degree(s)
INFO: board_modifier.py:494: Adding track segment (B.Cu): [(376555000, 62800000), (419417500, 62800000)]
DEBUG: board_modifier.py:504: Could not add track segment due to detected collision
DEBUG: board_modifier.py:578: Routing at B.Cu layer
DEBUG: board_modifier.py:595: Netclass: Default, track width: 254000
DEBUG: board_modifier.py:658: Routing pad 'D15:1' at (419417500, 62800000) with pad 'J3:3' at (423068750, 87947500) using coordinate system rotated by 0 degree(s)
INFO: board_modifier.py:494: Adding track segment (B.Cu): [(419417500, 62800000), (419417500, 84296250)]
DEBUG: board_modifier.py:504: Could not add track segment due to detected collision
INFO: board_modifier.py:494: Adding track segment (B.Cu): [(419417500, 62800000), (423068750, 66451250)]
INFO: board_modifier.py:499: Track added
INFO: board_modifier.py:494: Adding track segment (B.Cu): [(423068750, 66451250), (423068750, 87947500)]
DEBUG: board_modifier.py:504: Could not add track segment due to detected collision
INFO: key_placer.py:517: Removing dangling tracks
INFO: key_placer.py:532: Removing 031b3f9b-7a0a-4ac4-a184-9e3c8813c745
INFO: key_placer.py:532: Removing 49446934-0185-439f-8fd5-12000f12af6a
INFO: key_placer.py:532: Removing 577e5614-c70b-4199-9b9b-5db281dc1de3
INFO: key_placer.py:532: Removing e82f51b2-7124-4ace-bda5-09c3370a2e07
INFO: key_placer.py:532: Removing 2ecfa663-7174-4b9a-b8bf-79780d9c471c
INFO: key_placer.py:532: Removing 69d9bd5c-9475-44b2-8f45-d5877a25ef24
INFO: key_placer.py:532: Removing 4c33f764-ddfe-444c-a19c-09a033d0416e
INFO: key_placer.py:532: Removing 779d9d33-a5ab-4efa-ae97-3d8bb0e61788
INFO: key_placer.py:532: Removing 927c26db-c299-40a9-8845-b98713a8a31b
INFO: key_placer.py:532: Removing 4b2755d9-6dc6-4538-9f25-e748cf41d590
INFO: key_placer.py:532: Removing 9c98773e-2406-4d80-bdc2-d462d8748989
INFO: key_placer.py:532: Removing fdc8ad43-0dd9-433a-8b8b-82aebd8b2940
INFO: key_placer.py:532: Removing 69410f9e-4256-4111-9193-e24a39186072
INFO: key_placer.py:532: Removing 10baa186-021e-41b2-86bd-55465a77885d
INFO: key_placer.py:532: Removing b10e1c88-7b46-4c02-90b0-40a417b7f410
INFO: key_placer.py:532: Removing 2ce3f885-17ef-4f93-ba97-b1ca37589da7
INFO: key_placer.py:532: Removing 6871d797-1cdf-42cd-aa0d-67fb8f356eab
INFO: key_placer.py:532: Removing 11f66b55-c13e-4d88-b4df-9bb8655c3a77
INFO: key_placer.py:532: Removing f5c503eb-68bd-423e-b03e-25a1df8c34e7
INFO: key_placer.py:532: Removing 16a93840-b52b-4a67-a99e-097c6de541fc
INFO: key_placer.py:532: Removing c92fc994-8a27-4cdd-94c3-e666e1809418
INFO: key_placer.py:532: Removing 380b5a5a-ef75-4e52-b980-5dc5331b3ae9
INFO: key_placer.py:532: Removing 39065211-6088-427a-978e-c44bfd9f4baa
INFO: key_placer.py:532: Removing 91c006cb-2232-4c78-bcd7-43c11f45c59d
INFO: key_placer.py:532: Removing 919ffb8e-feb3-4ae8-b09d-778cd1e43add
INFO: key_placer.py:532: Removing 814b9384-0c1f-4f12-86ee-95d50036d724
INFO: key_placer.py:532: Removing 0214a7ee-3f12-4280-a48a-b3f9b212a3f5
INFO: key_placer.py:532: Removing c2e27321-65a3-41af-b083-3def55e47443
INFO: key_placer.py:532: Removing a422ee82-e3be-46d3-9158-9eed5faada9f
INFO: key_placer.py:532: Removing 6ef5987c-77a8-48b6-902f-2f05ac078f61
INFO: key_placer.py:532: Removing e26edf23-12c9-4106-8fa8-7edcaae12564
INFO: key_placer.py:532: Removing cabc9226-1f1b-423c-b1b8-a46e45eb2722
INFO: key_placer.py:532: Removing 0e312432-a5b3-4507-a383-b50cc1102828
INFO: key_placer.py:532: Removing 77e3b09d-2b07-4a98-9d59-8cb09402f064
INFO: key_placer.py:532: Removing ad88ea85-bdfa-4a42-a119-e6505f1e6dbf
INFO: key_placer.py:532: Removing 41bdcd73-c1ac-44bd-97b6-9b102226be55
INFO: key_placer.py:532: Removing 19a484e8-8d3a-48fc-896f-425a13212600
INFO: key_placer.py:532: Removing 4d6d721d-bedc-42a4-aa0c-a8db43a872f0
INFO: key_placer.py:532: Removing 7b7ad9df-0886-445d-909f-fd6e52841964
INFO: key_placer.py:532: Removing aaf40c9e-f23d-4137-a694-bcf804a5f3dc
INFO: key_placer.py:532: Removing 470f4bde-4279-49bd-b160-d7cbf8cc899e
INFO: key_placer.py:532: Removing ce6e320a-ac75-41c5-b8d8-9c0bedcd4657
INFO: key_placer.py:532: Removing 33643df0-f405-4b57-955c-097347bff794
INFO: key_placer.py:532: Removing 442f10fb-3041-45fb-9c25-659eeb0d3a03
INFO: key_placer.py:532: Removing 85928a9f-4639-48ee-af9c-16170e801619
INFO: key_placer.py:532: Removing dfa90b1b-eb8a-4e37-9a46-727c6078b4ed
INFO: key_placer.py:532: Removing 3c96f564-023e-4036-91e0-454b1bca7f77
INFO: key_placer.py:532: Removing b39343e8-e09c-42cb-abba-74795c095865
INFO: key_placer.py:532: Removing 31e02a4e-3a33-4b0d-a0ef-4a4ffc79f0e5
INFO: key_placer.py:532: Removing 84f76c09-27f2-4116-9ea2-ca5893f527a5
INFO: key_placer.py:532: Removing 70c401bd-9269-48c4-b225-a274f4aa5b30
INFO: key_placer.py:532: Removing 4804eb74-a048-4d60-9465-00c994bf7020
INFO: key_placer.py:532: Removing 78dc09cc-daf1-405e-a99c-be732e8c15fe
INFO: key_placer.py:532: Removing 1cda9e0f-25bb-4451-9e00-9a8f83b63a27
INFO: key_placer.py:532: Removing 8ce150ea-b068-4617-939e-f15e806d00ce
INFO: key_placer.py:532: Removing 87ae5f3f-eea8-48c5-beb9-ab8dd3e05788
INFO: key_placer.py:532: Removing 16c7b88c-75e3-49c7-8665-34c7c5c16a94
INFO: key_placer.py:532: Removing a84e328a-a469-4e97-801a-1c8ca98c1e36
INFO: key_placer.py:532: Removing 8d26ecec-7bd7-4eab-bea7-619e15bca166
INFO: key_placer.py:532: Removing 2966aea3-b8c7-407e-a7de-c0cecbc56997
INFO: key_placer.py:532: Removing 9cfad850-e2d4-4768-97c9-da559b396ba6
INFO: key_placer.py:532: Removing 97bd1958-1968-4dd3-adbf-369b3d67fbf6
INFO: key_placer.py:532: Removing 13a9bc64-2c37-495c-8bb4-6e8c73cd186e
INFO: key_placer.py:532: Removing e74e7fbd-e2fc-4b42-9f0d-1ff04d6ae8b2
INFO: key_placer.py:532: Removing a551cf55-abd9-4dfb-a973-75aa7e0b9d34
INFO: key_placer.py:532: Removing fd72b1dc-f3bb-4862-98b7-a529d14483c1
INFO: key_placer.py:532: Removing 517e209b-5738-46a1-afe1-c59c0b066da9
INFO: key_placer.py:532: Removing 4b16d0a6-a4da-4363-ac54-b766b5950834
INFO: key_placer.py:532: Removing 47b4e7c3-0f67-480d-a6fd-960739d75b3d
INFO: key_placer.py:532: Removing a1edbe63-6001-4333-8389-5f098cb3776c
INFO: key_placer.py:532: Removing fa5bea21-a308-4038-9279-a947d8f51ac4
INFO: key_placer.py:532: Removing 139ec95f-93ad-44d0-82a4-8b64aff30d4d
INFO: key_placer.py:532: Removing c63458d3-6279-4bd9-8573-91deea254d1d
INFO: key_placer.py:532: Removing a5d98294-5d5c-4f8b-a67e-5e03b87d0f6f
INFO: key_placer.py:532: Removing de99b05a-e0ef-4582-9680-064988f7b918
INFO: key_placer.py:532: Removing c8bc2269-edc2-4e1e-8f05-07d7af3f0e58
INFO: key_placer.py:532: Removing 297dba10-2935-488f-8a8d-e825fc2eb703
INFO: key_placer.py:532: Removing f5253e72-7427-4abb-a226-a309e8daa9ac
INFO: key_placer.py:532: Removing 2e34039d-e86f-4d14-b62a-5034f558fbdd
INFO: key_placer.py:532: Removing 48e51fdc-4486-4793-bc93-537116c2c915
INFO: key_placer.py:532: Removing 9d041c3f-4bae-48d8-a109-8b798566f0e5
INFO: key_placer.py:532: Removing 9d8ec1fb-e8a3-475d-8770-268667274483
INFO: key_placer.py:532: Removing d46349c8-f7d5-44bc-af99-c78385910bf8
INFO: key_placer.py:532: Removing 4015576c-5172-4803-a29e-045d887ef43b
INFO: key_placer.py:532: Removing b0160029-2d8b-4daa-86bf-b438d9c51b2d
INFO: key_placer.py:532: Removing d7bd25bb-f5b6-4ced-950f-e05229d040bc
INFO: key_placer.py:532: Removing b5eed72b-4a5c-4d85-a4ad-4f96c3d2ee13
INFO: key_placer.py:532: Removing 69025e37-7baa-4a6f-92c6-942668876430
INFO: key_placer.py:532: Removing 18d08647-f892-4096-805b-ddfd0a6bd51e
INFO: key_placer.py:532: Removing 27e04c82-57a2-4248-8f72-7160297f5f62
INFO: key_placer.py:532: Removing e16a98f9-01bf-4bf7-8cd2-a347960c521a
INFO: key_placer.py:532: Removing 7322ecc0-222c-4b6e-af5b-d662a6693e1f
INFO: key_placer.py:532: Removing 80de7d85-9780-47c1-8dc2-e69067ed7aef
INFO: key_placer.py:532: Removing 0ba5427e-9f25-4cc9-aa85-acfdd5f2a1f3
INFO: key_placer.py:532: Removing 5721e606-3eb1-41a5-b2dd-5970fa48033d
